file,kernel,blur_score_prima,blur_score_dopo
8421906595_13d7402969_o.jpg,D,1050.446472224721,203.7378582857093
3462768965_ec8b3fc10e_o.jpg,Cross_5,1726.9469665913327,221.50061054817593
bb8b54822f.jpg,Gauss_3,942.1465421146382,21.405695839357197
4517439832_a870bf778a_b.jpg,Box_3,2252.946536314002,119.5797586738939
21397651584_a1f9bb88b4_o.jpg,Gauss_5,488.70531840982363,38.73628769175106
b8ecfd72d9.jpg,H,2402.791725,657.8574203175835
ce8e1360a1.jpg,Cross_5,1051.7136171646812,58.19969170533434
6171311029_5dc3520c7e_o.jpg,V,406.16563678222224,66.28114195517429
9730146942_b21587ec5d_b.jpg,Gauss_5,1678.7639314899673,89.61201908408677
12755468293_4002511ac9_o.jpg,Box_3,2476.003767259066,229.33459029660432
14210401991_22dfb1970b_b.jpg,Median_5,3350.9158684602667,337.27150602710094
Turtle_Tortoise (1795).jpg,Circ_5,550.0909180557537,27.85280638324971
8601449552_7ee16d250b_o.jpg,Cross_5,1278.947506732257,103.5883105499255
3605388324_468dcee4e4_b.jpg,Box_5,474.4778262203504,18.49752869262441
Urchins (18).jpg,Cross_5,493.005053564321,72.21518924265094
19c3d0c935.jpg,Circ_5,1901.6126323406704,52.87980228878468
4815823665_a13d9dcd6c_b.jpg,V,2996.5877049180326,416.43021032443795
eb66218305.jpg,Box_3,1571.7120494877656,327.22976651165897
27061295153_24ab58dcb7_b.jpg,Median_5,601.2507343823751,107.40170589321508
12128765466_e4f3192459_o.jpg,Circ_5,694.0182615832637,71.41707021482087
24906291095_7bc04dfe01_b.jpg,Box_3,2545.270810665556,250.7462140182216
d8e50e61e9.jpg,Originale,2368.896864962632,3156.0610666715916
15150032316_086d5c1e6d_o.jpg,Circ_5,716.2838218487653,59.68990459068772
4575857455_c53a158785_o.jpg,Originale,429.87228689999074,554.275568911653
Dolphin (52).jpg,H,861.4009820914904,325.92749909945496
2692920471_150aebb43f_o.jpg,D,414.13953452141925,92.16412863836642
fd46ecf4bd.jpg,Box_3,3433.498123102565,197.59340126223483
26781388437_853ba0f2bc_o.jpg,Circ_5,2205.9775809586777,114.80634533629126
8445124143_a675ed1039_o.jpg,Circ_5,566.2927466161728,45.22099560948522
23935412053_f92b991d4c_b.jpg,Originale,4732.581009262222,4487.571392934355
5334547073_e84faeae24_b.jpg,Box_3,894.6374380024888,177.01333514574617
4773009524_96353abceb_o.jpg,Median_5,2384.7804721597226,173.9639269770408
8902666001_7a2bd68551_o.jpg,Box_3,3975.8005342391098,290.9580519551886
14305842090_4cd4284784_b.jpg,H,748.4545189568771,132.12798823142538
8145024386_fc6a9c3084_o.jpg,Median_5,1427.7148462815753,238.8986633468399
6860892988_0421af2b27_o.jpg,Originale,533.4198202630384,538.1903406700856
4653846106_ae89f3f5f0_b.jpg,H,1052.8927329461726,410.78104027744536
17665920531_b41963c4b2_o.jpg,H,1981.9975816249832,323.5115689949312
ffa5e02e21.jpg,Gauss_3,2177.911951669158,238.90038829741502
Turtle_Tortoise (1602).jpg,H,1491.4878633726858,346.0501398962769
827d23c09e.jpg,Originale,2393.4307264300055,1951.7686284060085
ce20bfdf54.jpg,V,1054.1409806148288,335.1523206918153
13f2c1dfdf.jpg,Box_5,625.2571965972987,35.083377861569495
27248529304_56a6fc84d3_o.jpg,Box_3,640.4922109632955,114.95691971300245
13e92cac7b.jpg,Cross_5,1581.8971461127398,85.76475497575066
169b3b05b2.jpg,Box_3,2426.339377562273,263.112437891692
5591682068_85eb8b105c_o.jpg,Median_5,2570.049231337205,155.7434764307571
50e7fe98b7.jpg,Gauss_3,13338.331182985525,651.5861100495134
3d315bb61e.jpg,Gauss_3,4596.317105777778,564.8125570214623
5094340785_552a259dff_b.jpg,Gauss_3,918.9168709135804,111.3436391402264
23954735331_435550495a_o.jpg,Box_5,1027.467462328889,41.74319902830747
16017942_02e0598154_o.jpg,D,3855.490057848522,706.719920821311
3661055528_c5984795fc_o.jpg,Box_5,4083.7969175844323,67.15940397454023
4610659779_0c82dac31d_o.jpg,Box_3,807.2985770581381,96.21937209553938
2850812756_9c03563474_o.jpg,H,1118.5624415413804,194.90198372741978
28711124281_d34d6b1c8d_o.jpg,Originale,790.5155248866333,1232.1128427679466
14281868822_93f3c607f1_o.jpg,Box_3,1491.1963807052155,208.45097051745205
1656487812_0111b231cf_o.jpg,Cross_5,1123.1167945868945,111.36456547951212
5813930958_6ae754be68_o.jpg,Box_5,650.2074676473766,24.965581147981553
4c85a4fa31.jpg,V,3207.178925490097,336.14411307751556
Sharks (57).jpg,Circ_5,691.9454458701774,35.4772567907903
1572764611_9e337fef06_o.jpg,Gauss_5,3474.2153027573636,128.28215034481687
95dfda47b0.jpg,Originale,1093.9081163220146,3455.9314631883526
14523403497_708945fbf6_b.jpg,Median_5,372.6964442591858,201.41476111509363
7855797892_d6b0865396_o.jpg,Box_3,910.4896518606173,125.5587331155398
3589628952_a1758ab2f9_o.jpg,Cross_5,737.1975064912381,101.64164609325175
25400507008_7907890d86_b.jpg,Originale,8405.822469339535,10479.21813199958
16241434840_a2ff30b279_o.jpg,Cross_5,1163.4807959749596,93.97433809616426
417bff4cc6.jpg,Gauss_3,6195.385425,526.2062464979776
26627242281_018746830f_o.jpg,Median_5,741.9220766635802,220.4827218760753
14124472098_e6414d3476_o.jpg,Cross_5,1575.4268632652397,145.93423820981775
2146001370_759910e5b2_o.jpg,V,886.7035438462353,183.85964865686498
7233138048_f7ce0e3d8a_o.jpg,Box_3,1081.1493074369137,137.98565855864334
32119079151_429411a7a4_o.jpg,Originale,696.8446333332098,1224.0054607780612
669b6b8221.jpg,D,1836.502999363858,569.5767871311733
7896024076_1bbb495620_o.jpg,D,517.2387609275751,203.1400032118925
Turtle_Tortoise (827).jpg,Originale,509.4630670307711,552.5648526366876
42082395080_1a3fcf0ac8_b.jpg,Originale,552.6912915970292,615.0617623474141
5120505560_0617580092_o.jpg,Box_3,618.8873904063962,77.14171925051814
4124946399_112374c184_b.jpg,Box_5,380.3111819239682,15.301255281345886
b9aafe65d8.jpg,Gauss_5,520.1503873697917,183.296079012018
25681624086_531792ebae_b.jpg,V,1144.7390501569134,222.76758103527558
25651451073_74c8fe811a_b.jpg,Gauss_3,1147.6839472146914,231.384791083457
5556042164_ee94e7b47c_b.jpg,Circ_5,577.038047321449,34.800203195069045
6dc3173bf2.jpg,Box_5,7659.954846291829,107.69473132785286
698f85fc00.jpg,Gauss_3,3248.248118079648,145.26403447262004
81df542fcf.jpg,H,703.2888923089167,147.98832089202892
3281744810_5d91c9612e_o.jpg,Box_3,3272.869076018245,272.21749112607046
Octopus (39).jpg,Circ_5,1826.9117791215808,65.64696360607536
766f507935.jpg,Median_5,2046.0667585758529,436.4061199412252
185722957_f318bfdacb_b.jpg,Gauss_5,551.7449059704861,38.54609766884279
95d8ad5e52.jpg,V,540.2596079908957,111.03840866271578
4383542632_b717e875e0_b.jpg,D,412.816910498935,165.02942112513952
a47eb7a8d1.jpg,Gauss_3,3649.992854117497,425.6009691100178
4696482373_31a3ce3e58_o.jpg,Originale,2805.673141039384,2875.713987171724
26968066190_8aed5ee2c0_o.jpg,Box_3,1210.325378182377,141.1520412334647
5fd721d328.jpg,Circ_5,6570.279122174146,304.1633087433859
3fa08174b0.jpg,Circ_5,4516.639319461489,112.87451865701861
Turtle_Tortoise (103).jpg,V,1623.1871203522126,254.93867585461422
4856658650_434e74ed04_o.jpg,Cross_5,695.9994887288889,178.33042232754926
19867679208_411f61bfc7_b.jpg,Box_5,2904.4789155044364,55.46757070365821
28841992491_f277c44fa8_o.jpg,Cross_5,719.7642577530441,83.42995917722614
3716048073_e84bf03f6e_o.jpg,H,2126.7183464394707,71.2209259022876
34210895242_03382d444c_o.jpg,Median_5,1766.099405568102,153.61943214826414
Octopus (23).jpg,Box_5,1107.5273097758025,33.545376368534164
d33cc1f754.jpg,Median_5,3828.865570742896,176.3665070631066
5417699697_3d02587ef1_o.jpg,H,876.2725437486035,244.42397233954273
5900a5dd22.jpg,Box_5,1692.8344410006825,68.10869722632457
24043673685_fbdc4dcd73_b.jpg,Box_5,1634.5480177746915,38.99463005296293
c9f4867930.jpg,Box_5,3603.4570951060937,91.45442948943123
11425904534_76b058bd4f_o.jpg,Gauss_3,2198.3792227654326,284.0752951587453
3526973018_3ac460cfb0_o.jpg,Box_5,584.5178896844137,21.512492429311454
20851358950_896b8f9b6b_b.jpg,Gauss_3,2839.0549346012913,370.2777399633487
5025542878_3d22a04d06_o.jpg,Cross_5,575.0246873029405,60.38119793414871
25114869115_f9f0887c4c_b.jpg,Median_5,2065.0113292069136,199.2063485411295
5126226228_24649bdf4f_o.jpg,Originale,2389.145710898811,1868.4173873141128
8875485650_83b9aaa98a_b.jpg,Box_3,768.4145096344445,97.51764178127112
8533168731_061ba9ca17_o.jpg,Gauss_3,1726.4962809998324,152.93807751910978
c6e61445d9.jpg,Box_3,831.3183056561151,157.23667917088736
Turtle_Tortoise (102).jpg,Gauss_5,3588.4958595419275,138.11890768498392
7c3cf57a2c.jpg,Originale,3124.3155768781594,3618.3488617372336
1573c64a86.jpg,Cross_5,2749.6941512946446,272.40748533910636
9193483226_84f3ccd0fc_b.jpg,H,763.8487326618441,178.82694353336396
6626014937_2da6f86d90_b.jpg,Box_5,964.1454917833947,24.733734432333264
17215501636_6121e35ced_b.jpg,Gauss_5,1410.9796770246912,61.487611064013215
4a18c1eb4b.jpg,Circ_5,1760.892672,154.52619203236242
35864351501_174817aabd_b.jpg,Originale,419.5211436344444,626.1814788920042
5999517254_2cb01aa201_b.jpg,Originale,419.4920275277778,561.722856682472
5369502789_55f6a68d17_b.jpg,Gauss_5,1045.503347119963,78.20356299747084
01043cbab3.jpg,Gauss_3,1431.2573204798002,138.57391359606467
292ab178e0.jpg,Circ_5,8627.351929660583,350.48991425183357
1559317430_003246192d_o.jpg,Box_3,2696.5351285609872,345.7386891493346
7622474316_1130292858_o.jpg,D,1655.2086449954086,328.02228576925484
7143741567_550a3fee4c_o.jpg,Circ_5,2202.7319440976544,111.3758797599891
6238220148_f053209f0f_b.jpg,Gauss_3,1147.9215128259316,165.5189872079966
4349019107_881ff7c89f_o.jpg,Circ_5,1788.779383578023,81.5823295300129
3666830889_8b8c2c7272_o.jpg,Gauss_3,877.0704994427083,228.4420260100104
15820405957_9538615237_o.jpg,Median_5,390.41265031532646,53.32668685913086
1acabdc3c1.jpg,Cross_5,2965.596688672764,308.58994117452426
17245987303_8e53b11920_o.jpg,D,1566.497194982222,445.4717972643025
30268896896_be428b1f99_o.jpg,Gauss_5,379.8853749905478,56.329109290399835
2415974859_fbf2c7bdff_o.jpg,Gauss_5,3827.553545222017,240.8364692761073
19188593431_378fccb5cc_o.jpg,Circ_5,1349.045652728889,109.12408251367177
Turtle_Tortoise (1504).jpg,Gauss_5,3077.429931552168,131.38793235399086
31054180201_d0ea5e6b54_o.jpg,Gauss_3,2567.184925270167,288.1896194365063
2629369251_1d43d70fb6_o.jpg,Circ_5,2029.5119404320988,103.24571298847889
b861b9f53d.jpg,Circ_5,538.5250394905028,146.90911508986775
6105476216_623fda7744_o.jpg,H,1328.8899183315973,266.6736394361077
fd79562e5f.jpg,Circ_5,2225.696894941634,240.5767115819757
39975715973_bd01d90a4a_o.jpg,Box_5,477.15888426555034,9.601561985230356
7341582670_c1c329b903_o.jpg,H,1693.6754577498073,315.5566796442212
25534686256_3cc926254e_b.jpg,Cross_5,1477.5950362266667,146.14873586898543
Dolphin (78).jpg,Median_5,2061.5297302788554,337.5164012531597
6235641781_989a2377e2_b.jpg,Cross_5,517.5596147124517,64.82207381253637
9688673197_bd457a5d2f_o.jpg,Cross_5,1495.055088671111,192.67340367518577
6913428530_7dfdf8e592_o.jpg,Originale,1292.1984035982362,1622.3030001482634
9975a579df.jpg,V,1384.8609110869133,420.80013817839205
8950942870_784d234f2d_o.jpg,H,3902.2834351080246,676.8852228957484
16746005608_cf6a343182_b.jpg,Originale,1087.2605483430282,1226.5884155565777
22983621760_3d20ee2128_o.jpg,Originale,1117.4486908315973,1409.7102094786903
5312517300_ee2ea154c9_b.jpg,Gauss_3,1760.5313425955553,112.66970107020164
50220973621_0052abecb4_b.jpg,Box_3,788.3400770833333,166.70533927804672
30718625875_0c52d923ae_o.jpg,Median_5,2218.0920116543753,182.46125657456162
7defd3bdb7.jpg,D,811.2059201523175,95.07142310438431
6da8539078.jpg,Gauss_3,1969.6514429519234,285.3739244742277
22870534644_bb86f94ee6_o.jpg,V,440.60650422456837,147.8962359378756
64fd5f818e.jpg,Median_5,1799.9139296299477,151.76178288926485
8093011797_db1cbc2759_o.jpg,Gauss_5,1268.345577955432,48.89149996699119
5371382446_825545bf01_o.jpg,D,1018.6358175973673,87.79672130273313
9683725319_e5140b87da_o.jpg,Cross_5,1137.0200823840382,136.20353883308752
8f8a4cc0e0.jpg,Originale,7628.227004844586,14912.631840976763
d4a5b2ad56.jpg,Originale,8536.007771534907,10006.149135394178
d5106c4c0d.jpg,Circ_5,1842.689667233206,134.13764344111723
14a01b1286.jpg,Gauss_5,1380.4077489008828,265.7502608102642
44987684904_07ff97dbc9_o.jpg,Cross_5,1279.5479015698768,100.63550731113979
e29dbcfa9a.jpg,V,2389.7744055550615,425.3690608801915
048646a4b1.jpg,V,808.4041042327881,252.7700491972339
d61f49a8b8.jpg,Circ_5,4763.712567974799,249.9995419185691
4937297602_4310618d06_o.jpg,Box_5,1090.933836749807,36.26300189754259
1081759923_e2d5f3fc1a_o.jpg,V,7561.314899268024,963.499520360207
f4132c3195.jpg,Gauss_5,1204.9489804372024,145.7619777391077
9ab6493bdc.jpg,Circ_5,1328.973402023488,74.44355885101724
1589adc838.jpg,Gauss_5,2347.095547219437,208.52427208418652
11340620703_8720f90e49_b.jpg,H,972.7492923140433,223.52412872401837
6dc663a9cc.jpg,Circ_5,2827.463196683661,155.5815521646966
01685f1057.jpg,Box_3,1482.551253674658,379.12353770428035
b4e8a70758.jpg,Box_5,1088.9193044843034,34.1388443148866
3373270173_93281a2cb4_o.jpg,V,690.645303643855,189.92713485266555
192409979_c6e7be23ff_b.jpg,Originale,2299.1230080381765,2482.957239394881
17116712397_0e5d51e68d_o.jpg,Originale,1611.140870907242,1847.5803880544565
16001589233_86e5be0b5b_o.jpg,Gauss_3,1691.770548994342,271.1681685934261
581943226_60f9a0106a_b.jpg,H,1337.666394999602,251.11204008160408
6062dd6aa4.jpg,Gauss_3,3898.5427773238657,1418.9331006832986
e893dcbca8.jpg,H,3945.5106915810115,340.5423876509374
54a2451c08.jpg,Median_5,6797.763884122258,423.3700098723285
174dd15a12.jpg,Cross_5,11701.710312697262,1328.8268633150944
4950791779_caf9079ff3_o.jpg,Cross_5,7053.148700406601,495.9958955315141
5f344d1d4a.jpg,Median_5,3865.1129591919757,268.934376307499
73be72dca5.jpg,D,913.622124495616,146.62146606032226
8715681631_70deb242e3_o.jpg,Originale,980.1209253524581,971.339511681874
4c4bb86d69.jpg,Median_5,4230.931122575752,448.307771732389
4697121796_6ec177d900_o.jpg,Box_3,1188.583708633402,164.38821324027117
87a53bcaa2.jpg,Cross_5,1018.4791107981908,153.69690508248655
021c452f71.jpg,Box_5,3014.0731267161427,90.36095138988313
30413983942_68b1b41a62_b.jpg,Originale,1874.0454099109877,2112.382321814903
15636671882_d3050a1418_o.jpg,Cross_5,1080.6932654517284,151.26045666034892
5205416629_12c4baa898_o.jpg,Box_3,1191.8406771697662,242.62981818626943
30224795236_9c85e32210_o.jpg,Gauss_3,1255.815821328889,156.67747305274656
3076801428_43cbbf2dc9_o.jpg,D,801.775119256173,171.77966933586058
16117120881_3e8b988360_o.jpg,H,3210.8165924093887,681.9007515194315
24020802493_64bb94b26b_b.jpg,Cross_5,4337.723709432099,348.22853519855954
16933668445_f804f52b7a_b.jpg,Cross_5,566.4893343205313,97.78681250544004
6583025163_f2fda6e158_b.jpg,Originale,883.1304169101226,3895.376791511164
f44f8f383c.jpg,Box_5,1939.9510668257894,64.52516981424365
ef0986ac8c.jpg,Gauss_3,670.6050516807553,83.8482557147406
0d0ac3a88a.jpg,Cross_5,2391.7663762308002,285.75081048534093
34197491404_67d5bc5984_o.jpg,Circ_5,2401.817590861111,111.26261367980564
30718235961_729da96e5c_o.jpg,Gauss_3,930.3134451891349,88.0305907353914
8360878230_2e4d003f03_o.jpg,H,653.3629003341784,186.4103443379305
7855781054_9861b93cee_o.jpg,V,2757.9958906961724,892.0346489282311
3975431349_fa32e5ae99_o.jpg,Gauss_3,991.8775780229056,166.68475314946235
2778111466_44193c39c7_b.jpg,Box_3,1514.476227700617,173.67105466968965
ca2e2cbe03.jpg,H,1997.0338403414576,783.3918770071566
74543782_9780db0a2b_o.jpg,Median_5,1345.0618493541272,460.612547245685
44538340114_ff235e8498_o.jpg,H,1599.0757548862446,246.74914143414162
3d8d27bd59.jpg,Median_5,2534.9349549788544,127.58318875045491
5117558774_acfa2d3e87_o.jpg,Median_5,695.2537106666666,434.05787777374405
bfc5c84cfe.jpg,D,636.7511191151523,38.85419106473529
Turtle_Tortoise (1117).jpg,D,6905.442960330259,1245.5322613503627
d14e3c74d8.jpg,H,3708.2629401364197,893.1300224088124
14482804986_89d4d396a2_o.jpg,Gauss_5,770.7094564259555,52.088604343180755
7878835706_f5d2b25ff8_o.jpg,Circ_5,1073.1252028295062,68.66433022946728
8440416775_11b6f17c85_o.jpg,Cross_5,2739.107833565515,223.86343863247734
3509567632_f7b210ffdc_o.jpg,Median_5,5680.8646436411955,231.17589070527865
8520363110_fa22050ef3_o.jpg,Cross_5,760.6699439631243,87.18603814159619
ff988eede5.jpg,H,4484.652042842443,401.92617099893835
3716047209_1a2d70d129_o.jpg,Originale,1758.4761046782764,101.63622842516217
4266724183_0215159d2a_o.jpg,D,358.67355603888615,31.78807403384919
37745216946_5ba8af3f29_o.jpg,Circ_5,630.0798604444444,40.66875942624246
25088178916_d35832a120_b.jpg,Box_3,2412.2308517155557,178.65154922370957
683980f276.jpg,Gauss_5,2713.188613511951,79.48274960492066
6923637102_edcb71a34a_o.jpg,V,1066.0534540680248,270.51398236649277
5872151439_b0aa06a3da_o.jpg,Box_5,1534.1459925059303,26.91172581402176
0d51d01a3a.jpg,D,4131.70523699676,1739.849460568045
5395095342_fbe5014cf2_o.jpg,D,724.1558600019151,143.7839525724043
6810652531_5e8d0dd8d0_o.jpg,Circ_5,1114.5169593239507,72.41965709115901
8834ee51da.jpg,Median_5,625.9510081034701,83.37171899175108
40ec550145.jpg,D,3911.016425885457,873.3122750758529
Turtle_Tortoise (55).jpg,Median_5,1800.631184798889,244.40726860202088
12673f3cdf.jpg,Box_3,5436.082075080166,313.062048108118
21665960162_7bcc3992d7_o.jpg,Gauss_3,418.55996935634454,68.6315766207033
Turtle_Tortoise (925).jpg,V,1331.6224252846612,189.87139828867438
6651770661_801efb7dc0_b.jpg,Gauss_3,466.6989247673129,89.548412998236
3284658683_3a2072f247_b.jpg,Circ_5,819.8218854243445,61.263494930481826
Sharks (42).jpg,Median_5,1406.3801004876589,197.91612283531103
d55b182038.jpg,V,3468.5210310517286,630.8332184740326
1169275469_6a48feee64_o.jpg,Gauss_5,4692.531416341156,232.82129272149533
5020112520_b739748026_b.jpg,Median_5,2026.5576424217284,210.52794380577242
27213277525_a683cc3844_b.jpg,Gauss_3,1249.2287607067706,155.12537866351704
6559304437_ae0bd348bf_o.jpg,Gauss_3,360.1138564035356,76.50350559398265
Turtle_Tortoise (1579).jpg,Originale,2136.0338552591356,3353.6899911828064
27012296032_f6d3b962c1_b.jpg,Cross_5,3375.2242433175043,343.18799369864445
34df799692.jpg,Box_3,1863.9823526872185,488.7582509502775
f8b6b6d100.jpg,Box_5,735.9414524002783,75.78457934853436
401261252_89da0bc3c7_o.jpg,Circ_5,764.0112515657364,40.01031240529192
5535865679_1a4ca4f261_o.jpg,Gauss_3,2432.0308903473765,475.6231862405398
91e83a53ca.jpg,Cross_5,3024.232443780326,226.2697529679584
3a3d630d6a.jpg,H,2184.439734501448,672.9422309999413
31019234226_1b17fa3b80_b.jpg,D,1808.0427024551084,446.4354280061099
Turtle_Tortoise (978).jpg,Gauss_3,719.7144555544444,99.53377655256494
8218262168_3b50543921_o.jpg,H,653.2060242060662,175.7684633111219
c179985e9b.jpg,Box_3,9004.179377106115,376.20373515097714
25071252593_e4ea03323d_b.jpg,Originale,2385.3053159566225,2775.21785604492
20386468405_3367bc5598_b.jpg,Gauss_3,467.9058736877777,71.67638706356621
6ab67a8787.jpg,Gauss_5,1125.1354471110549,90.0557821274598
6768390535_47e43d9953_o.jpg,Gauss_3,510.4632823732604,27.26230305127927
e2a5faebc0.jpg,Circ_5,612.50174890813,83.11830341254905
1066152486_d21e5c1d52_o.jpg,Circ_5,2296.2156040513582,126.81730280355431
Sharks (32).jpg,Box_5,559.7567083889061,19.162856162363962
e546757803.jpg,Gauss_3,1504.9836029220517,142.75326750190095
70b921d69e.jpg,Gauss_5,1614.3290553810427,48.211853840409695
11281731383_9ea6810ffb_o.jpg,Gauss_5,2079.4230101322873,52.28744042907741
6814743888_d76f64e5e5_o.jpg,D,457.66621450978005,160.51136353193647
e05db179d0.jpg,Box_5,579.4005873356981,53.38920683465566
59d46de1dc.jpg,Gauss_5,1252.0715534979424,93.45274936909578
cd01890f6d.jpg,Gauss_3,1462.5500706179182,218.63452452056262
d9eb2a060c.jpg,Originale,6532.78160773166,7573.279525367581
5825196979_44d04f6284_o.jpg,V,883.0255580229554,224.34633858588177
3672540779_99c869bd53_o.jpg,Cross_5,477.8440745762465,55.40778411164575
85db729dc0.jpg,Box_3,687.5097472968798,211.76585744351758
f5fd0e7e9b.jpg,H,5864.199216742101,1965.5517565474222
3942739722.jpg,Gauss_3,422.9922839708999,169.58949683617175
14917978695_4e01844276_o.jpg,Cross_5,695.5778354240639,72.92595135912404
Turtle_Tortoise (791).jpg,Box_5,783.7534372104888,23.012135228828704
7560444870_aa3ac6e55c_o.jpg,H,888.8560052774832,256.6213956079797
26902715550_fc05ca7643_o.jpg,V,407.7448184680247,122.56550084010406
19009966025_f5e49ede02_b.jpg,Originale,1573.2765677576733,2988.7370488497677
1428844464_c48bfadf5f_b.jpg,D,1911.0546649685998,329.39809814883694
Urchins (16).jpg,Gauss_5,939.8268886276543,83.6337107853411
26030126880_50dc4c64b4_o.jpg,H,2012.0670033758024,234.32933848642003
a06c57f985.jpg,Originale,454.18374488201465,1464.3830963442197
38f5053be4.jpg,D,14218.589050539931,2459.446626439982
25bf0c689d.jpg,H,3262.4786,884.5168946872698
Turtle_Tortoise (817).jpg,Gauss_5,1744.7475519722223,147.65097910838543
979ea8e95e.jpg,Box_5,841.2566806743629,81.45656897057498
e7047cebbb.jpg,D,1108.4359632214469,531.3943949119094
5807879267_d63781bd73_b.jpg,Gauss_3,628.2543246947508,137.62127900987505
e078be6624.jpg,Cross_5,2125.7123873303167,131.5860236238212
15150033346_5eaa1eabd4_o.jpg,Gauss_3,920.2982986902468,188.8936894105802
821697aab4.jpg,D,2854.7431046336,514.4848871699774
5742027555_9a42afef4c_b.jpg,Cross_5,1821.3129286635767,168.56917146184654
5397561024_4b70a8e490_b.jpg,Circ_5,869.3764666666667,60.01918674677126
45937178685_c2d324cea2_b.jpg,Originale,2095.895312159722,1853.9238556520686
239341344_7d2203b3b6_b.jpg,D,1898.4349875336027,347.07090896549244
30926658037_0547bef724_o.jpg,Median_5,715.5296385904434,167.73572102371529
33015483268_743391f8cc_b.jpg,D,832.4258049288194,194.4682097015953
21437477688_9cd21ba047_o.jpg,V,793.809620354417,123.71859623004573
5571502061_75a5f18704_o.jpg,Box_5,887.2157145796119,27.516901424952916
4768069111_7b02d384fe_b.jpg,Cross_5,1823.3975551258025,178.23018820531067
4791492965_f07692be99_b.jpg,H,3394.1303870495644,636.5212238062327
77d310fe4f.jpg,Originale,3875.584656795253,3622.955289599996
53ce45a5ad.jpg,Median_5,875.2433880349122,150.43299458951367
Turtle_Tortoise (613).jpg,Box_3,2544.5363881473763,138.05479708873744
9ab2063425.jpg,Gauss_5,424.00907148495224,130.15015003692105
7573898824_c788501cdf_o.jpg,Median_5,1605.1354081152092,443.2396706414689
57ced878ff.jpg,Gauss_3,6338.917325612016,791.2704358079045
27321208664_78c6e8ff23_b.jpg,Gauss_5,913.2331641155479,79.50391521040771
7985077580_95d253f404_o.jpg,Cross_5,1990.0901242622224,217.32878300866602
efc291356a.jpg,Cross_5,604.5805346313438,81.97866249600831
45210207412_7585c3a582_o.jpg,Cross_5,1298.9858374337573,105.06620107775478
2855689809_f0a5b197a0_o.jpg,V,530.549461930489,75.89208681828676
32793997397_a12aec4e66_o.jpg,Box_3,634.5351836424691,94.39037869861352
f4f9c6fcb5.jpg,Median_5,785.6910111111112,540.6844009497125
0449a7f119.jpg,Median_5,2926.9188519998156,387.1636492718462
99c4c7188a.jpg,D,9922.72217989418,1257.3235659696618
e514e16e99.jpg,Box_5,4857.743141374197,71.24446079225552
20886978745_03ec1f393d_o.jpg,Originale,1005.1657171550617,961.8956035405882
226bd2aa44.jpg,Gauss_5,4901.712617195678,254.62990241148034
6bc08a3b47.jpg,Gauss_3,1429.694164953939,526.8448440058437
d5d11545c4.jpg,H,470.8831988077104,107.4702867780413
710de9a8fa.jpg,Gauss_5,1209.4166001597373,127.46006432000621
31621430554_0eed174e8d_b.jpg,Box_3,2073.280772019315,181.64820312093272
cd3057d705.jpg,Gauss_5,399.44552036199093,72.53741432199475
8113886144_91c07131cd_o.jpg,Circ_5,1231.9614865702874,89.29146572273505
JellyFish (251).jpg,D,993.3410645802468,218.61500095834538
Turtle_Tortoise (508).jpg,Box_5,5746.690749309557,53.98678286003103
2807673504_28f93ffa93_o.jpg,Cross_5,1211.3114750987888,126.28579343154695
3986161017_49ab9d4fcc_o.jpg,D,2943.60845190321,701.662638405272
26711402267_798fe3dd9b_o.jpg,Originale,1199.9773323333334,1387.8043289597654
Turtle_Tortoise (1833).jpg,Gauss_3,2117.439862912317,424.06322158629183
6559858557_959a0a8c83_o.jpg,D,2088.790104949692,451.7084873931103
5006173710_636944277a_o.jpg,Gauss_3,1677.2924745776545,404.2921822820788
25537291447_02459a4a1d_b.jpg,Circ_5,3148.322732159359,132.77824399313397
Turtle_Tortoise (1465).jpg,Circ_5,527.4530557032099,20.49570904508922
35a1c45ae0.jpg,D,3397.798287644832,501.4091757711198
bc9f23081e.jpg,Originale,5568.770042194093,7427.048789863237
8229562477_d108be55ea_o.jpg,H,608.681082031746,79.33639559692166
1df106c782.jpg,Box_3,4950.912575,488.52592462383177
Sea Horse (11).jpg,Circ_5,1698.7441787558887,132.81166822758382
566b1031a8.jpg,D,532.0057168513323,137.97749982203905
3e5f22cfa7.jpg,Gauss_3,8507.853825,2011.6399512773553
023a9c7804.jpg,Gauss_3,3691.8016707966576,625.9337409324121
20397266153_f1ff76cf14_o.jpg,D,1252.1408068933333,255.63986375380534
984c5c1d65.jpg,Originale,1147.844387481094,2183.6912456863574
9258607139_9a99754059_o.jpg,V,1248.4494547230893,168.80010908437438
f07b3d633d.jpg,Box_5,1649.6928871035598,26.155144247796226
15353188566_e2381de352_b.jpg,H,1356.6722099488811,435.8690844690338
Dolphin (223).jpg,Box_5,1637.1571174706228,40.64220971477275
d5381d6c9c.jpg,Cross_5,609.3509688987436,48.16303446331604
17094591141_c763c910ca_o.jpg,Originale,536.6443072976543,635.6783697135445
1226995683_aafbd23e7c_o.jpg,Box_5,3290.3743437499998,67.89343262950067
29889191663_17120098e0_o.jpg,Originale,553.3031828630296,609.4447098632298
1c1c268cb8.jpg,D,1327.1369607325812,234.5496250122401
9f6f222c39.jpg,Box_3,1640.150359208704,209.22744837367304
332116526_18e9ae9c81_b.jpg,Gauss_3,540.053231361311,83.40745626415426
7069716059_e6511dc627_o.jpg,Cross_5,2592.430859436543,331.4686652981505
7d411f1cfd.jpg,Gauss_3,2927.812352733313,812.0313793152186
79a88cbcc1.jpg,Median_5,1076.0374590623437,206.5429678598775
15700610265_dfec24930a_o.jpg,V,1513.1091616955764,217.06072886195693
21687643841_df23c8510e_o.jpg,D,455.1604063702469,76.61000479484092
66bbd666dc.jpg,Originale,6316.29997928621,7146.282106439653
4508010319_b26da195a4_o.jpg,H,1010.774099128889,239.37227717204573
4817176862_7734a1e371_b.jpg,Box_3,1768.8118938963735,128.4677187666601
17939198300_ae058865af_b.jpg,H,832.6663622656782,229.53998626008325
5419585126_8766836d66_b.jpg,Originale,3200.870227705674,3440.5448900637452
12691e6810.jpg,Originale,2194.276655128354,3838.91576711201
2778111536_95a455aeaf_b.jpg,D,1633.1320264720296,163.99494582481654
26913421830_a375e70ddb_o.jpg,D,364.00507239506175,58.47598152804107
8192dea1a3.jpg,Box_3,868.0467039935999,91.87196893108134
e5498c038d.jpg,Circ_5,3569.4137688747155,113.53752169555447
15201047465_1286d7e428_b.jpg,D,1932.0445022480924,439.2219703925346
9995993896_6e2959d298_o.jpg,Circ_5,1643.4555005945729,79.73646008238501
18138982795_a163c14853_o.jpg,Originale,373.1831106604131,550.5886754862521
45806513571_7df326489d_o.jpg,Box_5,927.8916880810658,28.81386990648466
5815347857_f4d615f138_o.jpg,Median_5,1637.6912429458705,138.31454257694995
4137226752_2841cd7d30_o.jpg,H,1120.3990268591358,287.7721886589149
6026740749_1ab9fc8d76_o.jpg,V,465.5845154774391,56.85948564210866
e7b6e326da.jpg,Cross_5,7189.722052693514,885.7777183990289
3210871060_9f47071e9f_b.jpg,H,1346.2564487066666,280.8103050822171
7867fe26a2.jpg,Cross_5,520.7351016998291,154.9928623121612
15214292736_afbac6e26c_b.jpg,V,1415.3143274164674,242.10450477671594
6022253890_98ccab2b45_o.jpg,Cross_5,351.45926018169865,46.34605138255179
0d493d0226.jpg,Box_5,4098.671455555555,152.57366000091665
31754995215_7bd274a6b8_o.jpg,Gauss_3,761.0603841772839,191.89841442394138
157bb6e850.jpg,D,2225.10865678085,316.487870240996
5350965599_15010822dc_b.jpg,V,3194.3921194066356,321.8112243992346
63f9036b39.jpg,D,2511.7279550694648,724.248344811833
e16bf3970f.jpg,Originale,4168.0701078161865,5649.576562686842
Turtle_Tortoise (964).jpg,Box_5,1251.2950446030227,13.868923830717913
4938388867_7ed45d242f_b.jpg,Gauss_3,2151.4457128117283,333.7735909327325
Turtle_Tortoise (1635).jpg,Box_3,1801.720743094618,131.97698246901456
2802678185_70b6c16c70_o.jpg,Cross_5,1285.6541471925689,149.05046789986747
20886347125_cb6d028a83_b.jpg,Median_5,1403.4908250517283,104.18155131524725
fa6cf5fff5.jpg,Circ_5,691.3859130434706,92.01371155635162
6171946639_9de874befe_o.jpg,Gauss_5,405.5701303854875,24.60742184957928
83534d6ef5.jpg,V,1243.24256123323,280.7271069797165
34069254385_20657b5e5a_b.jpg,Median_5,1339.0856144761829,129.23004955552312
5727088365_39a7af6944_o.jpg,H,1106.891376495346,441.53962228934694
af5d14b25e.jpg,D,2461.0443482392693,725.602558914496
d5e771c535.jpg,Box_3,1440.3163652108433,123.14730536545478
c99b8f0e24.jpg,H,2022.6093115782735,1084.9781707166285
a15f18c804.jpg,Circ_5,6139.7677878660315,443.73091416555553
ec10ef3991.jpg,Box_3,1439.9686707609035,206.67884225936695
e5b36a6193.jpg,Box_5,2585.0649964614295,33.79675191126978
23560e97ad.jpg,H,1410.7346232165198,567.821753657594
8022276229_501bed6602_o.jpg,H,359.6960941046315,107.95552846423192
276585171_88c5da9334_b.jpg,Cross_5,731.5091049226442,90.95433173284884
d5dafe49a4.jpg,Box_3,1294.9505424265158,196.47284722596294
c0a3a7bfff.jpg,Median_5,755.4033437009573,311.3704671065343
16135459377_e11069a4a1_o.jpg,Originale,959.0347848944673,1086.821343869579
3b6bf8f4c7.jpg,Cross_5,2658.6118594878044,277.23696740494825
325b48be7d.jpg,Circ_5,1846.0970627101615,144.07721511605678
20725350943_becf676b09_o.jpg,D,449.84549032007345,54.39275148440181
7143741553_c4c525b98f_o.jpg,Cross_5,1195.6503303328395,133.35571793941892
8499276097_0a83c94f3e_b.jpg,Originale,4939.397705026667,5286.788887414372
ed1f1c3d14.jpg,Circ_5,1439.2536423818124,177.64510254222418
469f03c9d1.jpg,Box_3,4310.3203551215565,280.73714940461554
7a5389d5f6.jpg,V,2212.912307456313,840.8421749824387
20608500264_af914676b3_o.jpg,Circ_5,906.3264795362654,54.13839364518527
978148278_95764c35af_b.jpg,Gauss_3,1109.6832485073596,91.61888142219935
4459523898_e05181ac78_o.jpg,Circ_5,549.9700133410034,32.48948124119363
24558415590_9090fff3e0_b.jpg,Cross_5,353.53084808098765,32.08468482991846
8341196640_fd4b3456e7_o.jpg,D,431.16498852321325,103.99313358583336
7069715021_b122ce8fcf_o.jpg,Box_3,1330.79828995358,188.43219471374982
6238205800_5f848a43d2_b.jpg,H,918.2533812022766,160.11606867002578
28505675071_1d8a3e22be_o.jpg,Cross_5,1598.6260856400825,168.28634060744892
6237676855_b6f1020d50_b.jpg,Circ_5,700.4431789813295,48.66734607852235
20031473226_39e854e179_o.jpg,Originale,1201.0863485724149,1745.7863641089073
7879356236_8aae81321b_o.jpg,Box_3,1097.7562280869136,148.96855141172205
16184472430_4d0e46e6a9_b.jpg,Median_5,1558.9339043832101,166.2654235181288
5db3d508da.jpg,Box_5,501.9037649788216,33.10299539268141
c70fcbbcdf.jpg,Cross_5,5106.260065720796,526.2404105263122
6383864515_77b3fedac2_o.jpg,Box_3,710.2390570923858,96.91321667627908
94ee21f982.jpg,V,3249.091753334069,659.2932121645456
5c7ebf7a0b.jpg,D,605.7328846153846,106.87511708745356
14641abdc0.jpg,Gauss_5,4384.36339151045,429.068300586003
Turtle_Tortoise (859).jpg,Gauss_3,599.5667623240481,63.4928015880116
37328889230_9e717d255b_b.jpg,Box_5,721.0047346597223,12.383660902335516
d2826b0621.jpg,V,2217.537060977912,585.0053730368464
12542714994_0a813fc582_b.jpg,Box_5,580.7053327955556,26.92205427925272
Turtle_Tortoise (824).jpg,Gauss_3,930.5484242943209,135.37708238778836
5fa89151aa.jpg,Gauss_3,978.3273922316396,243.24178654806954
1486e9895a.jpg,Originale,2249.805240201166,1847.5870191513723
190092621_15284008ff_b.jpg,H,871.1643738765432,206.272257879544
15390781156_84d2c7b4ce_o.jpg,D,502.2705168120153,145.27579075949532
Turtle_Tortoise (206).jpg,Circ_5,2852.116269614804,87.55351550576093
d95ed4083d.jpg,Cross_5,531.7726306105212,140.07299662291732
344925634_a523e037aa_o.jpg,H,355.0636567584877,90.0078304275678
Sea Horse (49).jpg,Median_5,400.2396873950617,179.59902520042715
Turtle_Tortoise (1634).jpg,Gauss_5,777.6793167955556,65.01474238891792
15421043837_437f4c5e9b_o.jpg,V,631.4234496711111,116.52998051728771
14462044778_ed8ca538d0_o.jpg,Median_5,1296.516091212857,203.0512774938943
3423993058_9a7899c379_o.jpg,H,1499.6277301312682,275.1934705890749
61c87eead2.jpg,Box_3,1190.7546441069223,152.93912834944402
4e95f6db6a.jpg,Box_5,2850.4173798591983,62.07427319761416
15208882871_dfc20e7a8d_b.jpg,Cross_5,1940.3188481733334,183.85553527881285
5be6be6e8b.jpg,Cross_5,868.6888247042781,39.98288381402565
5187658761_d8887a62a0_o.jpg,Box_3,1287.918718691238,145.182910604608
807f5448b5.jpg,Gauss_3,1195.0634858082356,32.20492037511379
16449501457_b464a4177c_o.jpg,Median_5,1924.9292096976544,386.29004506179064
48892754b8.jpg,Originale,1033.9462503401362,1172.765207871354
372735957_4e8dd38338_o.jpg,Box_5,1241.2954793743559,46.37935214060538
34604382035_f44c43c21a_o.jpg,D,1984.502124977752,414.66284499631126
7963689704_6b7c3fcc1b_o.jpg,V,2739.7779352369907,894.7594464324702
1225850640_44852f4a71_o.jpg,Box_5,423.5958152435279,22.17094015131787
acb7a41601.jpg,Cross_5,1381.5368706590439,200.14722071126914
3369288402_91a079b540_o.jpg,Originale,811.2984265555556,1027.0117163378118
0bececd88b.jpg,Circ_5,2699.8853915610416,295.3158488688693
16457455692_731b636fcb_o.jpg,D,2231.205026398889,420.5564337622767
6e453ace62.jpg,D,1761.139444668008,414.6483491820526
98651252_db4650ede0_o.jpg,Box_3,2534.3806377109363,315.5735842725824
3627400299_32404b2e1c_o.jpg,Gauss_3,579.1313960407643,66.63094454038048
4459523902_aac01bb980_o.jpg,Circ_5,712.44981629121,47.986970652445606
39803725685_3e07c79a8d_o.jpg,Originale,378.86986688777773,655.6838693726017
3002274796_14d83a0a38_o.jpg,Box_5,2059.823354034699,49.81799857867652
6971491595_cae414b525_o.jpg,D,1640.841373537791,373.5460646874405
f374b15248.jpg,Box_5,1919.2800031644367,26.408297425952863
6502352983_9e2e9e1199_o.jpg,Gauss_5,359.77750388098764,63.750270169856705
28446395521_aff1d5b2ba_b.jpg,Median_5,2793.369218231288,148.53758742282014
Whale (76).jpg,Circ_5,3150.266647071111,141.85985811726843
3740827961_c132e66719_o.jpg,Circ_5,1003.7657579812887,60.256631019462
7816765_7cbf373da1_o.jpg,Median_5,540.7342092457421,96.3198415540944
4e47138c7e.jpg,V,8261.427737450495,1757.3374734768913
4be02a3a07.jpg,V,2037.065397626543,291.35298406338006
b545285cad.jpg,Gauss_5,7044.271792219604,233.36942494148911
11358210835_21fae8f6a8_o.jpg,Box_3,3998.97500112607,269.970703992085
563563f749.jpg,Cross_5,1719.102731326628,277.89663414079314
4006806773_27c770f6b2_o.jpg,Median_5,1108.4462870555099,403.68016752865054
6779786888_2385317676_b.jpg,H,428.6897466388889,64.46713163057301
fd8e81d362.jpg,Gauss_5,4465.280052653804,155.63932516057505
57887a8ad3.jpg,D,4519.332161090228,1059.0153528548738
Turtle_Tortoise (421).jpg,Circ_5,1507.1862957662574,75.70323282835236
2279216265_db42b9ced0_o.jpg,Gauss_3,1403.975585784912,239.7867408364775
5700569818_1076db7076_o.jpg,Circ_5,2244.287632652782,155.25716993879252
33264949820_71704a6232_o.jpg,V,1719.690738007621,301.803469424345
2554140879_0e39808cc9_b.jpg,Originale,620.2449689940349,801.0721342507028
27ad5d7140.jpg,Box_3,4625.155096,426.4969019256299
9b591d7d12.jpg,Median_5,7271.020509193777,416.4781165955118
5993850209_d5ae2ec3c6_o.jpg,D,633.5768207074212,131.11549592842314
7069718789_080761bb06_o.jpg,Gauss_3,1098.882824567778,194.755920231814
4dfebea98b.jpg,Originale,1140.0834925116396,513.0779780741783
Turtle_Tortoise (1658).jpg,Circ_5,1360.9659928074207,84.83055870019611
5454235460_9e530f0f24_o.jpg,Circ_5,783.6877877424316,101.33699360672308
bdddd66dc5.jpg,Box_3,4783.622923654489,286.3730894479588
5560565101_c18edc612f_o.jpg,D,1193.7677848682665,231.95746355322885
f09879c4bb.jpg,Gauss_5,2583.005451213926,229.35616019366927
11178d409d.jpg,Box_3,4624.034941205341,652.702472791628
0ade544ba4.jpg,D,970.7736807444483,281.1462809440743
10144193054_1cc485baa2_o.jpg,Originale,1811.2983433872912,2143.463208573106
Turtle_Tortoise (1130).jpg,Gauss_3,817.4349086695354,137.60611639336614
a879e697d1.jpg,Circ_5,578.0353551598424,58.84382809246148
24338561465_45f752aeb0_b.jpg,Circ_5,4189.272775518024,223.74504424114616
9181748498_773eccbae4_b.jpg,H,2005.6502846401304,555.4067616266095
61236109ef.jpg,Median_5,969.8159237343853,177.145926313865
4972223245_53cb3f37cb_o.jpg,Originale,2140.0135137743464,2666.3671307541936
24bdd6a6de.jpg,Cross_5,659.6790560121061,227.40542915849474
5409783175_6a4a2dc58c_b.jpg,Box_5,2525.249945424236,50.75611785887083
12049136436_019c14fe08_o.jpg,Gauss_5,1075.0474484976544,61.70968191924565
495306282_baca1cf91a_o.jpg,Gauss_5,1479.5350207888941,107.99226152157098
2332228646_3c920c255e_b.jpg,Box_3,823.4858433263888,96.41862188741993
0a030b6c5a.jpg,Cross_5,2734.3723630615664,828.0935270205382
7069719085_2313630a27_o.jpg,Gauss_5,1579.3112756424691,65.12811084669464
34461125605_c65f37b8a1_b.jpg,Box_5,3317.1067578238813,41.88952747576935
6342839325_71ac1303a7_o.jpg,Median_5,2435.0791194424687,180.14532536797006
9735633979_4898d1a680_o.jpg,Circ_5,685.8111298421193,54.47090211683192
Turtle_Tortoise (1660).jpg,Median_5,795.6424490378864,174.73837093073644
b642fc16e2.jpg,H,1866.9883401524023,282.0206141664504
f88bad54b1.jpg,Median_5,6396.212483024094,65.86383802063611
Turtle_Tortoise (665).jpg,D,1367.5060286778084,319.1943493179359
18082376d0.jpg,Originale,4430.718395234502,5784.977521355377
Turtle_Tortoise (664).jpg,Median_5,2003.5568289495668,162.31300978996214
34530980720_fcdb3413fb_o.jpg,Cross_5,10386.521700576666,739.9919848869066
25b604700f.jpg,V,4645.287140688114,649.7162118833892
23790039264_d593a40c6b_b.jpg,D,794.9059097758025,288.94822450381236
2217261178_18524540c5_o.jpg,H,1793.1101658575767,325.9860410090538
24114841063_a760e6a86c_o.jpg,V,826.7260563819445,85.96769371175706
4790469935_3821f2ff4c_b.jpg,Box_3,2303.936031406246,190.80841468642623
be7d24b8d4.jpg,Cross_5,666.4252630904286,164.42364224708365
a585573ce9.jpg,Cross_5,3247.2022041294413,354.7401052742688
4217385409_85d16ed67d_o.jpg,Cross_5,1278.1211285097238,140.05143387463627
10237724314_c778ccf25d_o.jpg,Cross_5,1973.4811205136114,160.26881733282266
74bd09ba9c.jpg,H,2619.13118391683,690.7260147211502
1066160826_3ad4e8b664_o.jpg,Gauss_3,1887.533342755062,306.4627535401757
9d0dc50226.jpg,H,3842.13029127333,1335.668998389381
24897039425_54a6b82dbb_b.jpg,H,697.6839869785284,116.01914042544733
7879365372_794440053a_o.jpg,Gauss_5,1263.9266115733333,97.44655948179756
Turtle_Tortoise (150).jpg,V,1957.154825353415,292.5948008541661
13890116275_09ca370376_b.jpg,Gauss_3,1845.702030117145,303.1537667444873
24556906741_95a8b6be33_b.jpg,Originale,1277.901711676106,1930.6099827824808
JellyFish (313).jpg,D,462.69091928981777,109.1718747712135
2ed9a9c1e2.jpg,Circ_5,5258.433662790698,202.7044990881936
34715660220_53cdd244c5_o.jpg,D,454.0840217356697,122.79705419345778
9089665924_24402a830d_o.jpg,Box_3,414.56624817651135,92.10960164481229
19931153405_f1b7cf52f0_b.jpg,Originale,2049.2990520984727,2757.282017073101
6bf4f833a4.jpg,Median_5,574.0424142661179,152.28867928537912
16257f005f.jpg,Box_5,848.6333711181882,41.39643172828519
b548346734.jpg,Originale,2199.0134327374576,2176.3933056390865
Turtle_Tortoise (1877).jpg,H,1569.9853018487654,336.09042138151705
33124625920_5c8a143799_b.jpg,V,1927.758053528889,256.99811667871694
26272563546_8be60464d4_b.jpg,Cross_5,2619.794898594536,217.32965750378503
24215805293_f1993f85cb_b.jpg,Box_5,1109.1039893220031,26.634020981715153
14339525429_e73733149f_o.jpg,Gauss_5,1235.1898007981583,69.65159604987319
24437697406_596421d239_o.jpg,V,950.6330522044111,202.176762775499
4297440526_8d9f86a475_o.jpg,Cross_5,2196.00470684,207.83093092313462
Turtle_Tortoise (706).jpg,Circ_5,1044.5428326223362,64.09470396188833
273196313_f1e65be502_o.jpg,Circ_5,1169.9142953055557,61.35754408155169
74b386424e.jpg,Cross_5,1102.0090690067314,119.28795334300813
15856280776_97a03a9930_o.jpg,H,2849.156771540451,445.10699471430394
5194275141_9fbf5a1da6_o.jpg,Originale,1812.874747666667,2264.9240971966024
6f58f116fe.jpg,H,487.3919781521807,183.49923348893526
7870cce3a1.jpg,Box_3,2445.0965372860937,293.1250635672986
66f5173202.jpg,Gauss_3,655.7246897847126,259.84126151457076
6288953256_bdcea7b266_o.jpg,Median_5,908.4065043511113,109.3696352864543
JellyFish (14).jpg,Median_5,366.25878261327057,69.58970266141182
609e94b29b.jpg,Gauss_3,985.1498638202253,86.88498851231166
6923636806_be4bd1634e_o.jpg,Median_5,1372.0067663683951,179.14226712112077
5677475715_8426c84596_b.jpg,Cross_5,450.48795146654317,13.104521801053657
bc0d47a86c.jpg,Median_5,673.70125,450.92107420750136
8f7ce767df.jpg,D,9103.526181202149,1893.055195399693
221321b870.jpg,D,1899.966544392227,586.5433425676916
6618765063_81668f28a0_b.jpg,Box_3,4156.369102820206,294.4368209600548
Rays (21).jpg,Circ_5,919.4559168005584,44.11290967528993
858451585d.jpg,V,1523.209218887612,578.0075916666033
23064167164_752f1b9252_o.jpg,H,1408.5409504708123,287.70115794086894
7558488968_80977d286f_o.jpg,Gauss_5,644.7047252420955,46.70398798270902
ca7ac0fb97.jpg,D,9290.718968173627,1718.0454094663157
145994716_1c4b7b5010_o.jpg,V,1130.6136954689487,158.02409509557924
8441742068_7d5c829d2d_o.jpg,Gauss_3,669.9650328844444,148.24545398944124
18243717123_33223ceb38_o.jpg,D,2187.8784515544444,505.27778016304484
3792852681_e131fd7c63_o.jpg,Median_5,409.1154880740405,31.851311038206738
2ed1c4e5ab.jpg,Box_5,3049.983895054106,121.70023750454523
12488111233_219c6653d9_b.jpg,Box_5,1159.8039318332246,26.383723911966992
7e122f5d1f.jpg,D,2155.9003628649234,142.45251863790227
8615047744_a744f7fa9c_o.jpg,Gauss_5,555.6269722071053,57.76463394729061
1039171330_b93917180c_o.jpg,Gauss_5,948.8630612295061,73.78333728564674
26602885538_9a6bc0faed_o.jpg,Box_5,1655.6625992612337,36.822670321323535
cb3e4b105c.jpg,Median_5,2087.4407611871407,309.4451122863845
5067454036_eb75cc45c2_b.jpg,Circ_5,398.42891269232746,33.08858659316083
95365101_d1d8e0915b_o.jpg,Gauss_3,1922.9708881255972,177.47007991650958
2628451171_0a4927085f_o.jpg,Gauss_3,3908.789095242215,513.9774402930607
6825572662_4e555f6e60_o.jpg,D,683.4163353741496,106.25233971342749
9ef3898d38.jpg,V,986.0732088083882,143.44237033370533
30eafce531.jpg,D,921.9368312927895,25.07972080496042
6101555364_b846037346_o.jpg,Cross_5,748.8082856180545,108.72402033196147
Turtle_Tortoise (281).jpg,Gauss_5,944.6866507254321,69.32862615644906
1ebcf2e154.jpg,D,1729.1304690877648,1079.036203455101
1ea5f31105.jpg,Median_5,812.1942051800279,159.43752177880734
5468534186_032ab4f37f_o.jpg,Circ_5,1131.0091358024692,35.783074305088306
25941048693_7c9846c46c_b.jpg,Cross_5,678.5189784344444,76.5507687795465
8008234102_7f1171e0f5_o.jpg,Cross_5,1690.44985975,307.6893239714413
15577442489_f8e6b12801_o.jpg,Originale,2076.56452738444,2763.085509516705
d7e0a8e629.jpg,Box_5,2396.4225035902878,101.76045417984243
6538931393_285dd3fc81_o.jpg,Originale,4617.06244991624,4821.344807546569
2d0f6aab12.jpg,Originale,1691.737,2565.0351978827894
a4af3947fc.jpg,Originale,791.6265086158571,1038.6422803450605
14867534173_c0be038ef4_b.jpg,Originale,360.93894108333336,509.70346073149045
25802169540_679eef7a8b_o.jpg,Cross_5,2200.937761341522,218.33130645434196
14326383003_132e952f53_o.jpg,V,668.27099964,125.87034965842429
39306538014_861c29c82c_o.jpg,V,2618.7617331239503,353.7991216894688
14289414419_74a5ee9ee3_o.jpg,V,440.88401047665894,77.92321105243663
107190734_710e568b9b_o.jpg,D,2131.624394297381,322.24295410917284
4080762359_4f175fbcee_o.jpg,Gauss_5,1579.0695335351788,80.89776951926095
7157375823_1974c5573b_o.jpg,D,4714.6727614141455,1005.0320958999831
aab9a625c4.jpg,H,949.6160014389247,342.78740321909675
Turtle_Tortoise (1616).jpg,H,3168.6456042069135,363.6376565232569
84e8f68874.jpg,Circ_5,4141.626836343733,240.5225435894065
8108853263_f1c98d2f14_o.jpg,H,1033.310079070844,215.06886992122867
6967334899_673ecf5ccb_o.jpg,Gauss_3,1772.3787932822145,237.22402917519554
40289603115_a6ee5f34f7_o.jpg,Gauss_3,700.5571363495062,75.81497817375123
11548592824_9212c0c299_b.jpg,D,862.6653838263888,208.98609019298942
e2cd21fc2c.jpg,Circ_5,4177.04635321672,279.10800380460523
Turtle_Tortoise (1280).jpg,Box_3,1084.5201476108205,112.82463404160151
8603654935_20f9a2a9a6_b.jpg,V,2776.647740674667,426.4904941743932
23053315844_9791822817_o.jpg,Cross_5,1948.0619757550617,191.07816291341976
JellyFish (323).jpg,H,613.8074101728396,215.12385494219467
JellyFish (132).jpg,Originale,693.4738468655478,823.4806307685818
16785335110_cbfc92f7de_b.jpg,Gauss_3,1726.7777964843751,252.22149790232007
23334680543_9717c648ce_b.jpg,Originale,2612.900666358025,3103.2333691651406
11921316774_0a8898f105_o.jpg,Box_5,636.3234676904889,33.88017914782758
79eb826b40.jpg,D,10721.254951258916,2343.6251905982267
16745998628_19c83d9268_b.jpg,Median_5,1196.7059866215363,435.45663589062866
1a203989bd.jpg,Originale,2394.975524642289,2854.752524061334
Whale (63).jpg,D,1460.1220713418306,138.37714290181978
6fc012853d.jpg,D,478.0180457017498,143.53653032746925
fc9f88fcae.jpg,D,3703.157161065216,693.0582499029437
46b90f1fdc.jpg,Gauss_5,3858.6360089644936,396.53680299769235
33174622182_723b08996e_b.jpg,Originale,2108.5424557846914,2373.713347192309
f8d077d6cc.jpg,Box_3,1244.8126269183354,187.35308345959913
2047124928_0468816229_o.jpg,Median_5,1890.1931676198114,540.0306279926388
321f79f6bb.jpg,Gauss_5,3710.9799634413926,206.6983155501182
6314430033_cc773269fa_o.jpg,Gauss_3,8585.60930079519,863.9487364739988
c68b8697d4.jpg,Median_5,3289.5675023667377,94.43879907521443
10580201856_8b96c35443_o.jpg,Median_5,3874.848241484098,361.24747734911887
2895e89ff2.jpg,V,2225.375442603191,385.4619686900453
23315162484_e556fd3fbd_o.jpg,Box_5,1027.2950374458026,56.636935930359314
5005913662_65392b24b4_o.jpg,Median_5,510.62237857851085,108.43432482735706
398510117_c8baddf382_o.jpg,Median_5,1130.8748343240723,148.71778024866504
9706041040_d13812bef3_o.jpg,D,698.2063381596453,137.11536674070535
3193155224_fb995cc7c9_o.jpg,Box_3,3670.5972530204704,297.2392723813548
Turtle_Tortoise (1129).jpg,Cross_5,827.6840081581205,99.81898011053072
Sharks (71).jpg,Median_5,779.5294086371528,62.69069383423411
33748595796_0bf6e879cc_b.jpg,Gauss_5,3547.456802564738,111.18494163300286
26679760835_46121ab607_b.jpg,Gauss_3,1728.7438916424692,414.92687503658993
Urchins (17).jpg,Median_5,574.3377114783951,120.92366546891421
1219793105_9e77232db7_b.jpg,Originale,686.0917948400967,827.33794266122
8722467492_f2b7e3d62e_o.jpg,H,4159.708638879663,609.7623529954535
Dolphin (50).jpg,Originale,1832.4045137230873,2025.8407651940174
15933280137_130eb4a190_o.jpg,Box_5,1888.9578731594247,33.81666508976096
25346481373_e0ed47271f_o.jpg,Cross_5,369.1602431622288,60.996840915894424
0605bf8c6a.jpg,Box_3,1073.1930547481738,66.26628018736294
e3c52e2789.jpg,Median_5,3615.7053787254094,260.46022422588754
8189769731_f2d9d8372b_o.jpg,Originale,1386.7104422683256,1636.3917280671399
442560420_c8b8a08ee1_o.jpg,D,979.3701960553626,212.77051586093927
7ebe8e9cf1.jpg,V,1427.4948002500905,145.49998622037927
20996188620_8a22a39e97_b.jpg,V,629.4292739969136,122.13457496798769
da48497fc3.jpg,Gauss_5,5288.67508251029,283.61534035995277
cfa7c0008e.jpg,Gauss_3,5039.6626105810965,832.2146423602791
59cd7eac39.jpg,H,2359.344035765463,942.88393947533
31702396237_c3c82d6cd8_b.jpg,Cross_5,992.0472627451776,98.15592996421728
2403586728_1f8cfeeca7_o.jpg,Gauss_5,1414.261704728889,177.49306422102106
5228258541_68fcf9a8b1_b.jpg,Gauss_3,774.2207822282846,236.0869502044131
25588844402_a5a88b4ea5_b.jpg,H,998.885290798889,215.82525347511452
29953383246_120b591f50_b.jpg,Gauss_5,626.7619637281413,20.70327255736784
1dc7bf8b63.jpg,Cross_5,720.8086328594526,159.40343446386004
3509888898_5e547f85cd_o.jpg,Gauss_3,705.0819280887654,123.92812202672866
3b10038d77.jpg,Circ_5,387.6806369272344,63.34543187277658
41c06915ee.jpg,Box_5,1338.491166999775,33.5900145355536
2a5edf5b8f.jpg,Box_3,788.1731322937554,130.21071444546763
8605538507_4abe2f037d_o.jpg,Gauss_5,1632.3558324211033,82.5742353481434
8eb878ba2e.jpg,Median_5,3069.4058679054983,269.6188474378701
1d1f42df01.jpg,H,1922.1226508593345,97.49022070778653
46076bb5d5.jpg,H,11882.149622567822,1821.8832270639334
Turtle_Tortoise (1176).jpg,Gauss_5,1354.6659733209879,80.70352592253775
5a93f5b090.jpg,Originale,5383.464590718842,6164.979501027557
342d14adbd.jpg,Median_5,3170.0660438368054,592.9062065587646
31378817681_6d15a17f6d_o.jpg,H,384.2122655524692,135.48519700450333
2935428877_298e9ac072_o.jpg,Gauss_5,1002.5999800877702,69.651914139779
4120095039_f7b967b420_o.jpg,Gauss_3,1246.8658274442514,207.37146801771792
a91987cca2.jpg,H,1873.3209815110522,1168.6714821096164
32702010924_9507f4a3be_b.jpg,V,1207.1149824882493,166.3277633250728
13908169801_21f003e985_o.jpg,Originale,2150.2814758083564,2449.169584133683
23bc51081c.jpg,Box_5,5603.206798488476,103.1367133890078
3198842585_de76295b40_b.jpg,Median_5,833.549037233484,134.5689294438519
Urchins (35).jpg,Cross_5,1466.4353522365432,171.29986867741812
6241965806_2301ac4b4c_o.jpg,Gauss_3,1806.1906042531555,276.3604198791046
33810099693_be3b63e3e4_o.jpg,Gauss_5,800.7253109288888,73.5581148601184
65be5522ce.jpg,H,1505.6223987858248,462.1758489453857
19969239058_805c14133a_o.jpg,Box_5,1277.968764531358,39.883788973130265
18288855334_09339f31e8_b.jpg,Box_3,946.1135727977531,74.32045169752472
14514713490_b126a7f5b9_b.jpg,Box_3,1230.6038275553847,118.87620823267152
32449238544_690c8b798f_b.jpg,Originale,934.5017509322223,1031.7021453039986
dee37df938.jpg,Originale,4524.5660486533325,3609.2969534594736
cf5e1b646f.jpg,D,1096.7119122023257,1395.0973579108047
10860988554_2708234814_o.jpg,V,1965.9985757387656,310.67223140965996
Turtle_Tortoise (733).jpg,H,1196.9800977961033,347.5595760730742
1253686777_a4902cfccf_o.jpg,D,4497.5867255296225,954.3732517008879
12128756136_032f4d381e_o.jpg,Box_5,1035.5821806270956,46.56403364453997
894930823_3b83dc3e7e_o.jpg,D,1414.4430780086718,248.2885299851029
14525094772_004429df6b_o.jpg,Circ_5,651.4822800217285,51.58325977277775
f511c635db.jpg,V,1609.899352799899,560.0636949503437
34658369786_edcff20b07_o.jpg,Box_5,2098.8020694858587,44.172830523276815
3936e353b5.jpg,Median_5,573.056175846787,218.478726956607
3596406904_ff70e12f8d_o.jpg,Originale,1129.5845928155888,1357.8196138872897
3dd52317fa.jpg,V,2465.7113968751933,1088.3699884343177
5395090964_a9b3c61b84_o.jpg,Box_3,1356.5463149338375,199.0944904512487
Urchins (38).jpg,H,3541.0111578667606,683.2072921667135
86af94dc1f.jpg,H,3631.0200125,958.8224244850568
2943407327_157bedd9c6_b.jpg,Box_3,2887.1221731103788,245.67828367710715
4a94a53a4d.jpg,Circ_5,1332.077729631418,177.87801559524502
28190246484_0f890f414b_b.jpg,D,371.35676333886494,120.22379885430833
2413c6b7c1.jpg,Box_3,1949.1448920331557,230.03172658612857
50c2d6d705.jpg,Cross_5,1421.5816106191646,233.82056976883973
6923635104_07b1784938_o.jpg,D,2080.04630802358,600.6578851272443
6017559775_738fd88df2_b.jpg,V,2106.550816013851,596.7456854069943
Turtle_Tortoise (347).jpg,Originale,8419.261810938766,8470.792325275237
4003266686_369dbee529_b.jpg,Originale,2104.9796518285107,2259.0164979921187
3ce14ca22d.jpg,H,1536.2748251181602,182.73632889993485
9da70a732b.jpg,D,4507.802335059908,915.3505808656685
6b14ae12fd.jpg,Box_5,475.5903690009222,27.02009788387669
Turtle_Tortoise (283).jpg,Box_5,1054.7434774990388,18.27840244526766
6022191998_01b5f3e9bb_o.jpg,Gauss_3,520.6530267781621,84.93933078737271
3598927627_3dc6f37c2e_o.jpg,Circ_5,439.3480846788194,49.05295975354253
8688586719_9d736cf4e2_o.jpg,Median_5,783.185705862779,214.5949230074932
6054374880_6c94bf43a2_o.jpg,Box_5,4397.7399583285105,80.9501166603854
5813362241_484dd45327_o.jpg,Gauss_3,706.0050219349923,171.9854163976572
13010804343_6bc183df44_b.jpg,Cross_5,1667.9292095599924,143.12358348700263
5395018572_f71c259330_o.jpg,D,3987.211200937563,881.3681284846092
141ba0ed24.jpg,Originale,427.4266998330466,528.151779179571
Turtle_Tortoise (1103).jpg,Cross_5,11596.234726088285,915.6057139010987
23092887632_468e0a96a7_o.jpg,Gauss_3,584.3189135399306,98.93704643710262
26373024721_60e16b92a2_o.jpg,Gauss_5,1559.7278916124274,112.01818232315871
08e75a2e06.jpg,H,1427.4531053973276,734.3300134403811
804eb6542a.jpg,Gauss_5,952.542117514711,45.25055172978615
Turtle_Tortoise (255).jpg,Circ_5,525.8450595998765,35.93285939257525
7182822598_23bfa60f42_b.jpg,Box_5,1070.008089189459,24.05407723582124
76b061ea7b.jpg,Cross_5,622.5706619743303,76.43408938379697
5268769110_0902d9d05f_b.jpg,Originale,911.3154585455626,1085.5846003810846
a9515c596b.jpg,Box_5,5667.665658535614,141.73640916467656
274b6c1544.jpg,H,1085.1284691667158,139.8487894486408
3c02c31de1.jpg,H,3967.834825,448.4052977043606
5edc210162.jpg,Gauss_5,1707.042076866213,108.7200013950734
27621326822_be4c1746ab_b.jpg,Circ_5,1065.4421221776543,46.780232506560964
df5acc590e.jpg,Cross_5,9207.4425686484,255.1726923509222
32033662770_5bd62be5ba_b.jpg,Circ_5,684.9765296119913,44.49647103444282
1945326723_0c3fc65ee1_b.jpg,H,498.7013574095434,111.63676674432529
d954b3bb1c.jpg,Cross_5,5994.48684375,261.9269004477803
32576826776_283e38f455_o.jpg,H,1201.5991081700643,433.46230202682415
11295965_a0ed0916c7_o.jpg,Circ_5,595.6669107590664,67.47510080484489
1b92cbd25d.jpg,Median_5,3520.673,479.63638731302296
3487616425_f71e1cae1c_o.jpg,Circ_5,2408.9530495132612,132.09922704573523
1fa0ef9061.jpg,Median_5,529.8250125532595,127.44849746081294
5b1fe4a5e1.jpg,Box_3,2143.1530824829933,161.17167661627946
65edb1d540.jpg,Gauss_3,2453.9677803894388,423.9511348620299
4495087031_9e17ae4e1b_b.jpg,Gauss_3,1485.0798614535108,165.93194150467906
Turtle_Tortoise (1303).jpg,V,3681.5806542899304,480.4522299264084
e739ee141e.jpg,Circ_5,750.2071513995123,20.50095663265306
3356757578_29437b7b52_o.jpg,Box_3,578.9281305947197,66.85039862450436
21284b053f.jpg,Gauss_5,886.0500529110939,87.11741435453327
6752883743_ea3299dbf0_o.jpg,Cross_5,619.9711680139342,89.63088241729673
Octopus (1).jpg,Median_5,1664.4868727342932,194.58834650078597
97d1fda139.jpg,Cross_5,2110.1195951634913,296.3342423472788
6f19fc67f9.jpg,Circ_5,777.721917509661,28.82498853398283
d8fdf027a8.jpg,Circ_5,1420.0485552759228,244.2781701931999
34531630261_af6dc362cd_o.jpg,Gauss_3,383.4489732482639,67.89804253663586
bd7c825ab5.jpg,Median_5,1888.882439009518,680.8114149922977
7776217078_7eaefc1a0c_b.jpg,Originale,4485.870940788901,4971.036217652575
625ce723b7.jpg,Circ_5,2654.701748762344,214.5777089136037
21362999231_31903d7e35_b.jpg,H,880.6196751394475,132.51050288594797
5643181040_c1823d2cd5_o.jpg,H,539.0779093074343,103.18905742443486
Turtle_Tortoise (887).jpg,Originale,2081.2182024691356,2490.7506474086217
4056735366_e5c2a21226_b.jpg,Circ_5,619.4793051820988,49.16263306692013
7507253184_193b5269e1_o.jpg,Gauss_3,536.375655211884,88.44623558842011
2163694015_53ef9e35c6_b.jpg,Gauss_3,2104.81020406081,314.3802127162897
2979600011_d5e94486dc_o.jpg,Gauss_3,1218.5940911495263,276.53405396772496
d87fde36bf.jpg,Median_5,8609.739051384768,751.04119225732
22819024990_65fd9c405c_b.jpg,Circ_5,546.7353670898436,30.49748212662601
7604225324_7a14072318_o.jpg,D,656.1434063221964,181.77013272297773
Whale (29).jpg,Circ_5,2106.8481338665433,103.86961202053465
528274403_fde85e4888_o.jpg,Originale,2109.410350954289,2759.886924075962
dde120d0f3.jpg,Gauss_5,2390.031549105312,114.23291148726317
f35a790bd0.jpg,Box_3,1702.9805235876916,319.69030269152523
e80bfdd799.jpg,Gauss_5,4704.058988754444,105.56121416262715
JellyFish (119).jpg,Median_5,1358.2656749764742,89.35956779076427
251d54716b.jpg,Circ_5,979.2807164691358,51.38805293401347
Turtle_Tortoise (844).jpg,Gauss_3,2127.9246838287145,239.63315597845587
82abf4f0cf.jpg,Median_5,3521.898457898172,588.6965431680485
939e9507f7.jpg,Box_3,756.5228333331489,105.74010105442872
a1bb0d205a.jpg,Circ_5,5026.060227777654,399.93136338023834
6099262868_ea2670dd71_o.jpg,Cross_5,2080.76499458321,198.5715859856818
7990927498_97cf398164_b.jpg,V,3021.6006868359063,539.554643901871
7f8d8ba579.jpg,V,407.6695634882715,128.94959216731533
b402eb5236.jpg,D,4269.7580419478445,2699.1621777086843
17969bea5f.jpg,H,1923.6077164141811,457.5590718486616
10485139744_c24ceaf68b_b.jpg,Median_5,1054.4884223288889,118.18814397324924
33018204805_a3267f344b_b.jpg,Gauss_3,443.4129958508869,244.57266404359652
33766565052_caeff45407_o.jpg,Cross_5,485.32511463754037,64.31259555490946
813563c984.jpg,Originale,948.8295862783713,891.0728966118345
27714219759_f0601ee0da_o.jpg,Gauss_3,554.5942677353283,180.79008757119774
21894407663_50b7cce422_o.jpg,Median_5,798.5230771900001,200.32233271306876
23263794982_83cbb11240_b.jpg,V,814.0699871261122,95.76858340298718
24809223417_5e4b042959_b.jpg,Cross_5,1885.0320520398373,157.88777422756016
7946988870_3c14440982_o.jpg,V,2000.8872522532092,328.8212394789823
612e80df45.jpg,Cross_5,3265.581404710555,256.5413046423369
162ed89d78.jpg,D,2505.3623199641656,724.1780807434742
6107499101_e554128f1a_o.jpg,H,625.8965708263889,108.51516587909984
25463594021_61bf3bbe15_b.jpg,Originale,1110.0450281450617,1525.1738954756174
fb5d96bbe4.jpg,Gauss_3,2569.930544460544,371.8674462257649
30793233475_73d103e84a_o.jpg,V,566.0297951757015,149.2388392793591
3613533eef.jpg,H,357.6811643197682,102.24846496923624
26023545144_7e173d3dde_o.jpg,Gauss_3,425.2188698859197,122.89074350505608
24290954412_dd8b543f91_o.jpg,H,2491.4478323377775,428.7584687041919
5998972673_e789c8b6a1_b.jpg,D,440.3055371510416,105.98412381624587
8283828671_c5de3741d1_o.jpg,Box_3,1610.611575024285,126.89951119468591
6018454894_a2b81a5357_o.jpg,Originale,968.0441781098712,1005.7519389557273
a9565e78a0.jpg,Box_5,1088.0732772593622,81.52552855744653
05f2e89a70.jpg,Cross_5,540.2068887654997,156.6720929827009
2e42a8a028.jpg,Gauss_5,2985.582784992474,240.14942278180803
4764635595_a07e058e74_b.jpg,Circ_5,1161.8888823066666,68.32278533857696
d2ead151fe.jpg,Gauss_5,1780.4208363924172,90.8261119420704
f47ea6bddc.jpg,Gauss_5,1021.8366733511037,62.09026160909453
fcf309eac1.jpg,Gauss_3,9958.473119437918,876.6269688949839
23774369150_982b92de7b_b.jpg,Circ_5,489.63525429617283,42.8314787417042
6807692742_fbdfe2d25d_o.jpg,Median_5,1034.0722616389266,167.0264081367102
6078144869_166df83dc9_b.jpg,Box_5,471.9278757683951,15.577685774390472
31675649997_f7ff51b2a5_b.jpg,Originale,2271.2697335260414,2509.913054797114
8467343452_be01e7a9b1_o.jpg,Gauss_5,2078.453245916474,169.74942892345473
21518429413_11e13a641a_o.jpg,Cross_5,519.8551777758024,90.290897955253
f9246952c5.jpg,H,2416.0163802083334,817.0083095196236
e65a8ba771.jpg,H,7108.232192723934,934.0825888150338
162d62e024.jpg,Median_5,1602.6864739604755,488.512450402898
25104689526_dbb341653c_b.jpg,Originale,373.2872382498765,467.2564340894891
58623c0d30.jpg,Box_3,619.9272097896037,8.624275248828207
4791126238_dd63d3d807_o.jpg,V,1662.3408725197382,401.8348995206357
36641784086_0d57e43dc9_o.jpg,Gauss_5,1309.050962096342,91.00436150297827
6238211246_d17fa5be18_b.jpg,Gauss_5,740.8149313516079,36.64779402523525
32f018be10.jpg,Cross_5,4595.446602106474,305.04215898835525
Octopus (41).jpg,Originale,1661.9209314517286,1121.3037047284881
6169972897_99922f3a2f_o.jpg,Box_3,1216.751677621649,139.34742020230053
8261b7b5fe.jpg,D,1171.8301291221323,56.05561888947778
27476767212_cddd98f00f_o.jpg,Originale,1300.4101109807098,1456.991443889432
a36be81d4b.jpg,Box_5,443.3291363487517,14.766461594409618
16747466349_f6bf2c85ee_b.jpg,Cross_5,2488.955773964682,245.63030961214233
Turtle_Tortoise (986).jpg,V,2655.6240324048567,762.2083987768666
9536326950_4291e60840_o.jpg,Box_5,1631.9315810918652,83.36461507176816
4423092249_e2d6c086c0_o.jpg,Circ_5,564.0150133586848,42.88168054061947
eed33b1451.jpg,V,493.4463313217976,303.87212867212514
12241191544_f3facb27e5_o.jpg,V,1133.2882327006796,269.66235981996437
Turtle_Tortoise (1324).jpg,V,1363.7401975967487,217.5528969242393
7946873882_3348b90680_o.jpg,Box_5,2023.8904271964805,54.88904902598402
10080209403_8ef65bf718_b.jpg,Box_3,655.3598650809328,75.31599829823512
02e080206f.jpg,H,2359.529676460214,422.06498026142816
2653565393_fa93d7a851_o.jpg,Median_5,568.688434165129,38.3311311176845
23652263608_06f45c85ae_b.jpg,V,642.371236857284,136.49912217158865
5652704967_effb830b38_b.jpg,Gauss_5,381.70565579026163,35.15062972596664
7090621259_878f312975_b.jpg,Gauss_5,542.0428661459555,15.875358036586217
Dolphin (37).jpg,Circ_5,740.0438435684292,41.73764520722198
8614492940_f8bbc26ea8_o.jpg,Gauss_3,590.08995975,118.73335856787615
19162893104_c4f4f3e152_o.jpg,Originale,356.0240009251543,411.40905903915916
12955072083_d7b9684abe_o.jpg,Gauss_5,459.63687201028944,52.278782260661224
771188303_50cf8d907d_o.jpg,Gauss_5,1191.5669980365433,47.93168526378983
12023306466_c7bc57e4e9_o.jpg,H,2131.4532467001823,378.63035463343454
25709855835_350476c745_b.jpg,Gauss_3,847.7449367777778,91.83624595346575
36251822141_beb3fa993c_b.jpg,Box_3,2065.128538972029,316.1663569041661
31608263321_e90d3d510c_b.jpg,Median_5,1636.8846315646222,191.78742735289575
32743051298_e93f2774a3_o.jpg,Circ_5,1329.556525352642,101.0398677125269
217b03bce0.jpg,V,1717.5118076682159,556.0863393345062
cbe4b28451.jpg,Circ_5,4277.885534839726,144.99187329350684
4979720282_cda1801bc1_o.jpg,Box_5,2628.6911741865433,58.94221443675151
2564ee861d.jpg,Gauss_5,4263.226773792241,162.74085072227837
9730154302_0df3ee07ff_b.jpg,Box_5,3015.3531056345105,65.81458671090009
284a779c11.jpg,Gauss_3,2606.1716625,382.82507368546135
7179876541_44fcc911da_b.jpg,V,1218.3540209255543,264.1279423116694
37594376836_994fc37d54_b.jpg,Circ_5,353.4265263252301,28.69445140954605
40428503080_bfc378a0aa_b.jpg,Box_3,2321.6027777532245,188.6191986251602
9ccd8109eb.jpg,Gauss_5,2798.9597651325253,311.2097772727753
6593709bcb.jpg,Gauss_5,4324.816853645507,85.65955521473533
11154252405_a77b21f1ae_o.jpg,Gauss_5,1279.1424329322222,174.63794161348926
eba230ec7a.jpg,Median_5,6226.2615194177215,1197.9909293581077
11670a5c4e.jpg,Median_5,1754.9405709876544,128.7717409840925
Dolphin (140).jpg,H,2460.0606866162398,626.8726253418165
b7a84e20f6.jpg,H,2789.6302354196982,586.7306164380462
15315339494_6b21e26d33_o.jpg,Box_5,685.2115929506173,19.982417794576737
32675272118_1c62612d74_o.jpg,V,390.2735666635803,119.72534713363807
319c68de53.jpg,Box_3,19915.415361231717,857.9448889129015
17562946716_5ac5807fee_b.jpg,Cross_5,2376.485980088395,193.66442487240832
5346a5a991.jpg,Originale,3012.233418520552,1817.4654290859821
7639018318_0f7d02d571_o.jpg,Box_5,1587.557950798889,82.86639014724292
96908870_68f09d5057_b.jpg,Gauss_5,2548.8992495255584,117.46627743906501
33627595928_82e742ee07_b.jpg,H,729.4358060617285,140.22931953590643
2398be4f4e.jpg,Box_5,4278.1055430893075,53.16906460202371
8334639381_8d7444c822_o.jpg,H,383.15501545539786,102.96639672064472
3936851091_1c6669aa06_b.jpg,Box_5,644.7646295254057,23.186340147731006
Turtle_Tortoise (285).jpg,H,598.6636850646914,255.28535943108764
Turtle_Tortoise (1308).jpg,Gauss_5,1085.0855330987654,44.089744859812214
JellyFish (33).jpg,Box_5,1146.6370451340663,27.7861327803269
7cb9d8d37c.jpg,V,2603.7162134475957,660.7761304697261
76823d4d0b.jpg,Median_5,2080.9257153014555,276.01765738522596
9b0ef17a21.jpg,Gauss_5,1106.3094282989218,100.81931655260982
37745212636_b022d41769_o.jpg,Median_5,1950.164418012153,147.94909487481615
15744390376_d1c242cf59_b.jpg,H,5292.18342802358,1345.0289719596299
0f1cb59bc0.jpg,Circ_5,5460.519276694035,314.50152210234006
39944358981_a70bde07d6_o.jpg,Median_5,616.036276927284,122.16250387761356
c275dac81d.jpg,Box_3,607.7327651907743,143.6910050406847
53ce3eb155.jpg,Median_5,6724.443471663975,574.8088785494829
Turtle_Tortoise (1124).jpg,D,774.1178555544444,154.3562653703225
ae2f8ba972.jpg,Box_5,1749.1654406908897,133.1152994965375
13990226761_66c5be1811_b.jpg,H,1747.5617020031934,371.8268158482492
Sea Horse (46).jpg,Originale,1729.5664895273794,1967.0035452435582
8626764352_c219aae181_b.jpg,Gauss_5,978.0806093151381,91.21081293845663
705ab53a8e.jpg,Median_5,1683.074185356226,259.1262575568184
32105716541_c6d38a38b6_b.jpg,Originale,2549.6399863698766,3308.388827219451
2947341513_5f35161ff0_o.jpg,Median_5,770.5696895430352,156.33900223350287
33645792173_befdaaed4f_o.jpg,H,1080.4341855599998,121.21547001493516
5815142473_4cb630445c_b.jpg,Box_3,1387.7842922136454,163.98684550304802
12602371044_c958ea77d0_b.jpg,Circ_5,864.1591775085003,51.141781232596344
9696451200_0576fdbbbd_o.jpg,D,1419.2088325692514,332.3732114324764
17337654100_cbb5e52059_o.jpg,Median_5,1754.8263405061728,153.54048990498282
a61dea7681.jpg,Circ_5,2580.9389897984634,37.94857669879575
6923634706_8406067938_o.jpg,H,1806.759288414321,466.86634945343155
4982789681_02a83d62ae_b.jpg,Originale,4160.69073172889,5362.452820663101
b490ad931a.jpg,Gauss_3,750.134403783624,127.00428731895298
14833165415_9676b57b11_o.jpg,Cross_5,6340.622980262223,432.8600681834
4b1611d015.jpg,V,4146.6122694528785,2533.60859757709
29432071460_f760fd6437_o.jpg,H,568.3846741643389,97.24152239815784
366afbecee.jpg,V,745.2371684788211,249.2798878206208
100338295_072f64e908_o.jpg,Circ_5,365.5086109573241,31.92770361235021
0ee766febf.jpg,Originale,1907.3269487179487,5480.859312204459
Urchins (72).jpg,Circ_5,3130.409109664669,155.65131957448557
19334185536_40a915413a_o.jpg,Circ_5,522.8981326388888,37.705358463145956
8d4c55ac86.jpg,V,4442.190627595503,1428.04896798823
c61640a9c1.jpg,Gauss_5,858.6068384913883,41.88589302771591
2106964553_1220cf23a9_o.jpg,Cross_5,2644.998718392119,221.6861726756098
eaf6c3a2eb.jpg,Circ_5,4233.77451264881,121.57427532223053
b37d3960f1.jpg,Originale,1440.326689150635,1424.5476069670822
39b893788d.jpg,V,2290.064756918655,400.5944318791223
24285332966_0e3d609212_b.jpg,V,2420.335217906336,517.7556070262618
29893286231_a787ba683d_b.jpg,Circ_5,1509.5478603209876,108.47763839675603
6325486350_3a744978bd_b.jpg,Originale,1465.7230432222223,2072.8184674750364
5808603971_826e1bbccf_o.jpg,H,939.1235994782547,402.5169800373476
87a1c3b8af.jpg,Box_5,4986.780704,84.79676281676001
31925847931_92d5609060_b.jpg,Gauss_3,3891.309357248264,362.86781020603394
d70ec53e95.jpg,H,2398.694868434714,581.3682583920512
4452363427_5c3091ba12_b.jpg,Box_3,501.8436245402163,56.78883056728009
JellyFish (316).jpg,Cross_5,463.3615276844136,74.89772784873774
7719272492_cf2e121d86_o.jpg,V,463.7758441959994,294.52067487749247
15385622096_84ec19da2d_o.jpg,H,957.5271466663107,230.8456455581837
12976013665_3e528a4ab2_b.jpg,H,1328.835400257704,244.37923818705033
67e9f0ad19.jpg,Gauss_3,3492.979140673328,180.072021484375
7930874348_c01c475776_o.jpg,Gauss_3,840.0153988143209,141.66493364871914
376966787_15584368b2_b.jpg,Box_5,594.5825439896594,24.490198390377603
895ca34285.jpg,D,626.736399143436,346.03179003784226
3100481875_7e2a13ca76_o.jpg,Originale,2980.2260585280815,2573.9548494401747
6537897121_dd8da64bc0_b.jpg,Circ_5,856.1057222879683,64.00298890348574
24379657071_e63e677a4c_o.jpg,Box_5,3409.754939804444,46.14299629549839
7417644828_95bf7f8a4e_o.jpg,H,2749.8680888510803,426.6598830137686
3538508320_68b27acbf9_o.jpg,Cross_5,545.3888261628396,66.5914586761106
36900022252_4b7095c6ee_o.jpg,Originale,4402.591002797424,4729.631508885598
d9d1fd38d9.jpg,Originale,15590.036340977922,18214.778559024213
6160143043_002085abf5_b.jpg,V,533.5085641219233,122.6303492410637
Turtle_Tortoise (1585).jpg,Gauss_3,601.1428641503508,84.64791108131013
0971e9de44.jpg,Gauss_5,3699.2172875,165.92688050403143
e87b700514.jpg,Box_5,1837.9903563670553,52.62816359588674
f5daf2d933.jpg,Gauss_5,2961.1472141074555,62.10830661149285
7448815994_172b9581f0_o.jpg,Gauss_5,2052.4446941312067,128.59857528182874
7ea2d9c5ee.jpg,Circ_5,6108.452174479166,356.0579372328155
15480918963_04c2a116d5_o.jpg,V,600.2474562584875,66.95644112022556
14021b452a.jpg,Circ_5,801.9958607061773,81.09275470242706
25067228502_4eeec80e2d_o.jpg,Cross_5,842.3512989387655,70.46163751005581
0474cca2ab.jpg,V,2492.672,1100.7988918861315
7374705492_5470ac66e7_b.jpg,H,474.4072190970293,111.6559478838411
9352159863_f63ebcde2e_o.jpg,Box_5,2134.070632286844,42.657919788400314
f63d04a0ec.jpg,Originale,7589.885281872864,14442.832809058988
910ecde00b.jpg,Circ_5,1514.773474681616,44.548510664654295
c20d83cdfe.jpg,Median_5,410.6933074458537,129.65843236749245
6324733141_97dfac9cac_b.jpg,Gauss_5,2122.407789180362,51.842490526697425
4232559650.jpg,Median_5,2963.2020416403398,404.99680262593023
30911091154_3edc7b13a1_o.jpg,Originale,482.27523515999997,645.1419027563634
4930882129_fd8e8a48c3_o.jpg,Gauss_3,1006.1820275451736,148.8205310860459
1594ea1ed8.jpg,Cross_5,433.65967569641094,25.490716891703833
3ce7a4f8d3.jpg,Gauss_3,8963.063824346598,1154.6742579413672
79205549_13fae46993_o.jpg,Gauss_5,358.4376342044444,34.50138647126337
3092374546_cd4cb0b930_b.jpg,D,366.74331079374355,96.29884384096488
32147488776_ac5fae9b1d_b.jpg,Gauss_3,2403.8255735653056,236.8407500734532
fb8593d04c.jpg,Gauss_3,2510.2248249697795,196.29744891373628
9885756084_7b8a81b548_o.jpg,Median_5,1810.4922313461727,363.0316791462928
af3961efff.jpg,Originale,1617.4486846439888,1133.8893691713938
20692533012_b25082990f_o.jpg,Gauss_3,657.6105100884331,96.76131517059949
3355930397_6e5ab85f31_o.jpg,Cross_5,2757.8977576530588,309.1884424633803
421f429a45.jpg,V,1768.519907590759,266.1203662657033
Turtle_Tortoise (1509).jpg,H,951.6384211247638,265.21031809826286
fa2f71338d.jpg,Originale,1429.8727358393937,1369.864071909163
1480327083.jpg,Median_5,2649.670720505529,345.59227924434305
7946920472_b1e788cb4d_o.jpg,D,2120.622227562932,418.1834275985648
7083379771_66e9214b07_o.jpg,Circ_5,930.608621883678,72.91776625964107
12539893564_0748e567c0_o.jpg,Gauss_5,1386.7104422683256,77.69362514826318
09538b2334.jpg,Circ_5,4673.2322383980245,222.80792658590167
51b0c438d1.jpg,H,12511.026293017403,1772.6300596835363
416947598_f904e418c9_o.jpg,Circ_5,617.4464099798315,60.75234927161938
860522d99d.jpg,Cross_5,1291.1920247093567,129.09577353404794
e458d60056.jpg,Gauss_3,717.491722320896,137.49955916295497
7855808554_8c7229d501_o.jpg,Circ_5,790.7611549624692,99.43893685831422
12976018705_67c8c2eccc_b.jpg,Cross_5,675.6051172255447,82.78898611668495
11718952314_f1fb85b95d_o.jpg,Cross_5,573.8131442982401,37.344021059582005
3325072328_67c582243d_b.jpg,Cross_5,4069.569938227655,347.35651419590727
3026b5c71e.jpg,H,5184.706648488425,657.3387518219032
25234617847_74c8f8693b_b.jpg,Circ_5,2176.642524792099,116.3009408524214
14368706884_be70a98fa2_o.jpg,D,2089.8547850671916,427.13920943710224
12246705676_34935e3d59_o.jpg,Median_5,1604.6287836476201,119.23045563131807
14506827081_ff1334b2b4_o.jpg,D,1750.3598061031703,143.59511074549155
6238235854_7b721617e6_b.jpg,D,840.4218480257116,186.7761669353563
12818328875_3000f8e218_b.jpg,Box_3,1905.7309473682533,80.048722688976
6923633994_c839949ce4_o.jpg,D,1111.7063775387653,247.5461662253555
c8d78bfbf8.jpg,Box_3,2241.1635749733064,152.68824398671524
ebbcd5a2c8.jpg,D,1178.3250281194569,200.77919658349484
103181772_8750006701_b.jpg,Cross_5,1715.287224250266,211.6674432333486
26192842102_11f45c8096_o.jpg,Originale,465.4155785714055,598.6706958073271
0382b12586.jpg,Gauss_3,408.74485792332734,87.70382690270809
16115458040_4297954d6a_b.jpg,H,475.1324821402564,138.34519178040173
3775ab6b91.jpg,Circ_5,2097.9701302360613,170.5446890525548
38063476955_ac016b5c6f_o.jpg,Box_3,821.0484160841785,73.42424157995426
14268060304_a7ea7fbb12_b.jpg,Gauss_5,2434.8999887588648,128.28193735093288
14089727044_e7c3a773f6_b.jpg,Gauss_5,1272.272298788272,170.1738307036146
b62375858b.jpg,Originale,1699.8337096831608,3348.1242819881004
16040498_1f46474a57_o.jpg,Circ_5,1061.1247555020905,89.28058301702434
Turtle_Tortoise (660).jpg,Circ_5,3572.8313240656767,76.37530470827826
9587333908_23b1a19bea_o.jpg,Cross_5,635.0605519277074,73.0480100476012
2534980998_bf645b09df_b.jpg,Box_3,6942.537517934993,588.1371172452559
41704780080_794a2e90f7_o.jpg,Cross_5,881.0701087278449,86.41288663903062
4c0fee8a9c.jpg,D,668.8722984139843,83.19381475508189
16109572808_baf1bd4d98_b.jpg,D,1662.5482740466334,338.4326725141151
b540da58d7.jpg,Cross_5,715.5640039169617,138.79974272289857
14841269220_788884febe_o.jpg,V,670.991446385613,99.773739386578
4170795485_2e3f752743_o.jpg,V,1104.9597665133595,210.10135994410328
7246871280_f97d7bd37e_b.jpg,Gauss_5,1291.588277777006,56.02252072545202
df18c3f97a.jpg,Gauss_5,5577.0745125,277.22672616139596
e5a16909cd.jpg,Median_5,2074.7724152078777,442.65909428499185
15715574084_ea34ac90e2_o.jpg,V,2934.173723919548,477.79246978211626
5f668902ab.jpg,H,2691.395370087631,847.8744183988782
8183703236_0e7cf854fe_o.jpg,Circ_5,770.2739444344444,85.94967399026791
51920196_6fd1cea478_o.jpg,Box_5,1087.047535509022,33.28094615523192
16ae4f5a08.jpg,Box_5,643.244110951224,38.82835899616767
2710002368_0c873e7b4a_o.jpg,Gauss_5,1629.980700540179,81.52803008410396
68617648_dd4feed908_b.jpg,Gauss_3,1980.114338395232,191.09103129814685
15793223413_9d6a47cfa9_o.jpg,Cross_5,679.1481943115235,66.87039095240303
29422829263_7a46bd6e05_b.jpg,H,824.5552707899305,174.9522286045308
5244015392_0c092b7973_o.jpg,Median_5,640.7914823941369,203.44853705478081
46132161814_5fa42c11ef_b.jpg,H,945.4146533675695,147.32965030018758
99c4a4e23f.jpg,Box_3,9722.59460971335,600.8948587257134
6616a6eced.jpg,Originale,12071.049012649235,16041.025418530202
3067162248_b3e846d980_o.jpg,D,1274.4835213098406,252.0999370989627
962d332c3c.jpg,H,3111.921962290503,478.01485261674827
916825e701.jpg,Gauss_5,534.7947916863889,53.57536101390897
21165014553_a9056d3e2c_o.jpg,Circ_5,396.8708443846914,58.529881443594064
dc9f28d4dc.jpg,Median_5,4196.717933824708,379.20525675920186
51149097727_b3e98bc869_b.jpg,Median_5,620.2450418128395,235.5994400205537
43334160942_bc465b82fd_b.jpg,D,1211.8082540275159,176.79293110190903
Turtle_Tortoise (558).jpg,Box_3,703.0512847227229,77.01211724525588
65df499473.jpg,Box_5,1913.3602772706647,33.16682507444649
b11e29c167.jpg,Box_3,1501.3084494735367,214.7695889915838
6722943275_6687855e05_b.jpg,Originale,3752.4833710507846,3892.175566112832
8cdf5272cc.jpg,Cross_5,5666.27009321135,368.88885268585136
bcd60503ea.jpg,Circ_5,760.1489408582466,47.63099743494735
3394584882_fc8d8d935b_o.jpg,V,8220.812599845804,1334.0418775765809
317680496_231bb78024_o.jpg,Cross_5,3881.413492608612,288.68925202126206
5602738024_813b2dde37_b.jpg,H,1131.9752558793798,197.7519326354999
7433634794_03139fdcf4_o.jpg,Circ_5,853.0335738823244,74.75535861813292
3ce90b158f.jpg,Box_5,5276.121451947376,58.8203411094351
18503207950_f7c1ee6ee7_b.jpg,H,4241.969008358213,1071.1118355210451
5145396776_f1b9e339d8_b.jpg,Gauss_3,6386.157430897955,674.4805405091266
d7416e5a02.jpg,Box_5,1797.9427976330464,61.09259459913795
49e2aa77e1.jpg,Cross_5,1272.427867764366,111.284770166015
6923635730_eed3f5efed_o.jpg,D,1981.3798270833333,565.6795841929616
Turtle_Tortoise (629).jpg,Gauss_3,1676.6414871698764,180.49298660321216
2969770595_c41b04a4fa_o.jpg,Gauss_3,1740.7491338077687,226.87779308884706
33472705626_61de8b55e6_b.jpg,Median_5,920.8540831495063,73.39236386484626
5451527615_91261899b9_o.jpg,Circ_5,1971.5810776444002,153.92765354623597
7b9a802511.jpg,Median_5,1716.7778201625192,2845.6130566324905
33199143071_246f29baaa_b.jpg,Gauss_5,1414.3696859135803,51.32283404786007
2105528764_75f9e6acfb_b.jpg,V,2826.3027916475953,526.4932343472248
16276133295_e1780c4666_b.jpg,Box_5,1230.9200039488812,28.432514511610457
7270387382_d83bee4a3c_o.jpg,H,688.9663617233333,231.91669378475268
25049486959_13ab342e35_o.jpg,Gauss_5,1298.7286013242629,90.92885036857761
Turtle_Tortoise (1607).jpg,Cross_5,2797.779457970105,201.50584621818697
4639553115_93819885b9_b.jpg,Median_5,1317.2215261822223,102.89203596730769
115972563_19a6c6e42c_o.jpg,V,918.4153884444444,182.85747783832477
Turtle_Tortoise (1535).jpg,Originale,2564.2627154958022,2981.463492878474
c0bd7b83a4.jpg,Circ_5,689.014075309816,117.37720585624061
57ea0eb995.jpg,V,826.4377771770503,350.7731324513224
237259171_940a4bde9f_o.jpg,V,529.6085705790297,143.06264619418155
16861601330_9a2dcc810e_b.jpg,Circ_5,2192.9650970300218,162.29122716195877
220215084_75c026a1fe_o.jpg,Box_3,2742.8564038719874,356.7421858663214
126201675_8dd66d4f67_b.jpg,Gauss_3,5642.845003434279,625.6769765053923
d9c4372483.jpg,Box_5,674.8368088189063,34.205513324205306
67b9d07963.jpg,Cross_5,1607.3684283562445,311.6539445878664
Dolphin (250).jpg,Cross_5,970.5496477464351,149.8016282430742
a7e7f987fc.jpg,H,1778.8308425848668,638.4724416001943
665b1c95bc.jpg,Gauss_5,1045.6282495935939,184.39960964318863
7893798746_92e452a237_o.jpg,Gauss_3,1943.2660864869138,364.2113025527059
12911901385_989bb5e8eb_o.jpg,Cross_5,639.9882237717284,90.67242642632627
16f46adcc2.jpg,H,392.3044976170784,111.97408331220024
Turtle_Tortoise (1683).jpg,Gauss_5,1321.6292859939297,50.689967379873856
984512355e.jpg,H,2563.761780427348,184.7765314498577
ab772bd209.jpg,Cross_5,4651.724645058921,322.30897712270604
767455e3f9.jpg,Cross_5,2595.025965002829,377.35944981159946
3253287390_d267be1a6f_o.jpg,Gauss_5,2173.4303424788272,138.09453570371068
Sharks (77).jpg,Originale,1364.7297680809877,1003.5249259115409
8567789435_c0d67fa4e4_b.jpg,Circ_5,1406.5514394266668,78.36899915510097
8290682889_8ae036dbb4_o.jpg,Circ_5,3819.4668486309874,202.61387751172953
Octopus (49).jpg,Median_5,385.34677927479333,121.51460852338988
3937629714_72f8aeb2fe_b.jpg,Box_3,1256.4775493055556,92.97966291585696
9701864821_bff12e1092_o.jpg,Gauss_3,994.1555384245493,270.77389927974895
99f9d25972.jpg,Box_5,1866.1352428198802,30.38234971414651
6945130988_63dcd60cb9_o.jpg,Originale,505.38517470030666,698.3595882921803
8083246231_7ec87d6004_o.jpg,D,2092.4370503227237,416.9454472790853
13823689655_47f7431271_b.jpg,D,1370.4072804950556,218.3549597377531
7875143304_e7f55aafe2_o.jpg,D,1038.4430745776544,199.29902007688042
8059560139_f6e8e7c96e_o.jpg,H,1040.7513159126368,161.3508999211646
c25be2222d.jpg,Box_3,768.5744014484355,172.6837070231535
15667305901_ab5618f48c_o.jpg,V,1767.1117869438224,303.45987553499185
14899049015_3feb989a89_o.jpg,Box_3,788.2964521063495,104.83877212511705
24194488369_f575b75cfd_b.jpg,V,919.7158833677779,233.3783166274484
5359386167_881e42dfa2_o.jpg,Cross_5,812.0249178269344,69.25651227449785
e1b6045d2a.jpg,Box_3,1706.7801529942724,197.4683754887992
b172dc4655.jpg,Median_5,2916.3552754119296,480.49425775376227
345392dcc4.jpg,D,679.8590032483928,107.9288938253038
9180564511_71c800d843_o.jpg,Box_3,652.81491775,50.416987891397795
f7c61a41ed.jpg,V,2681.2623664888915,622.547317115628
15751872357_70a3211f05_o.jpg,Cross_5,1128.9298442590664,117.21508601862705
6732443777_c72e847077_o.jpg,V,1306.1992602488888,427.6970790174295
8561376027_b18a6b721f_o.jpg,H,1452.9486344166667,493.5712585222815
16595378026_453d2fcce6_o.jpg,Circ_5,2568.354630452741,139.18046911375467
Dolphin (21).jpg,Median_5,599.9518894557168,300.8107479493452
8458667db4.jpg,Cross_5,522.5297317126336,41.85560449666154
4476467617_49aa19e6a2_o.jpg,Originale,490.1553341252452,601.7896785060847
3874204387_087f9b9976_b.jpg,Box_5,1041.0161528513581,39.38735180822624
7922337750_5ea181e720_b.jpg,Box_5,1310.4353827097027,22.3835610604594
5396963449_8b90b672a7_b.jpg,Median_5,704.3917333333334,159.62431166361688
c229d84512.jpg,Box_5,990.6781,15.557770943155093
475538da33.jpg,V,2973.6937991288887,694.5805971891571
15778023610_80b9ae27d0_o.jpg,Box_5,3456.284146971728,110.32156802594089
15944629541_05aac5c0ac_o.jpg,V,840.0561313723862,180.31561775596774
15816483968_26f6c39328_o.jpg,Gauss_3,1170.2854443784843,247.15862482262372
26413281086_814f717893_o.jpg,V,1253.8792279454271,255.82710728730723
8000376430_c1b20e905b_o.jpg,Box_5,1353.5201301584575,26.920647934941837
Turtle_Tortoise (191).jpg,Median_5,1078.8543888828394,139.2232284001736
8910105010.jpg,H,2445.866393440054,341.66029572675546
36558985060_7a4c6b5bf3_o.jpg,Median_5,2075.3197653124694,248.77658069615364
2fc068f84e.jpg,Originale,1454.7389927051495,1052.287968487404
5392252053_d4b496f0d6_b.jpg,Gauss_5,486.602566662912,61.758459991239
c086d0fe16.jpg,Box_5,1485.358040927684,38.59155111857029
3952687384_6c70722f91_o.jpg,Originale,2403.683838496768,2142.1037037129304
42253408392_46d0bd5571_b.jpg,D,910.955148726031,325.3053093671501
7535270650_66a98df2d9_o.jpg,Circ_5,1311.1234729480248,88.01807536030253
15755364485_e7ce44b9a4_b.jpg,H,1516.7658969582492,269.38741122281135
3703338220.jpg,H,4170.020647727004,766.3271812286441
16311276184_5f91b453d8_b.jpg,Gauss_3,939.8927789683953,179.31818888933148
6238238282_d7fb34d5d6_b.jpg,Originale,825.8189228284892,1195.5913575778948
8608334576_8f54321fb1_o.jpg,Cross_5,2029.645119512976,172.55400636085915
e099af3e16.jpg,Box_5,1047.9640200489152,35.49303649495612
15e76610ee.jpg,Gauss_3,1267.467289994607,194.63520282171808
d1696b90db.jpg,Originale,812.7023167311361,1720.9243226116869
12234537894_b3f45901f9_b.jpg,Median_5,1054.4023572087638,197.82005277488292
af8934a76c.jpg,Cross_5,1725.8823469458027,459.26734127972543
e48a9d76fa.jpg,H,3135.0148174436067,1254.5691628462075
25385058894_dcfb6ba392_b.jpg,V,3688.508467697033,383.3465622401843
Dolphin (210).jpg,D,1118.1802101288886,177.48847320188042
15695462863_e313744122_b.jpg,Box_3,4509.753739676142,405.94732815997895
4836199978_639a7bf09f_o.jpg,D,918.6316877661899,199.76517367412623
90d8fb7c6b.jpg,Median_5,4911.288992424426,352.64387886368297
4402987448_9db282b033_b.jpg,Circ_5,1592.4466100050906,85.15138549042065
34b27970d3.jpg,Box_3,944.4195392064732,235.83838133035425
7c13cfe7f1.jpg,Median_5,5419.183118178374,397.0708007415301
26fb204f51.jpg,D,2960.251347973268,317.84915178768443
21369820932_d07163f618_b.jpg,Box_3,991.4103280887654,73.99754575906522
Rays (13).jpg,Box_3,478.76513643269396,46.54638727165072
1371952013_841adc417f_o.jpg,Gauss_5,7779.468874416667,492.05939173191996
5a737a0967.jpg,Cross_5,849.4554304952733,205.29594466151025
14438906797_f52e14f4d8_o.jpg,D,391.0685777558299,70.2815493020054
227865fbd5.jpg,Gauss_3,11614.766685980225,556.8140201175378
33384951932_a9f84585d5_o.jpg,Circ_5,356.6115337006173,26.94242794659673
33f92a7c9a.jpg,Gauss_5,1017.2879120756853,62.71751419061028
4680626441_e5980a6031_o.jpg,Median_5,1209.2400465798398,223.0032894888405
184180495_efa5688634_o.jpg,Originale,387.0398543156819,357.3131807411477
5394494939_2695d4347c_o.jpg,Cross_5,858.8439342922259,123.7526375235542
6863459411_6e1e18bf24_o.jpg,V,3639.5210283253477,584.3528212511952
31631664943_2c1eec5a6b_b.jpg,H,1711.5373888510806,291.03728900895123
be274debd7.jpg,Originale,4292.354375294606,14810.56257392346
028ca794e7.jpg,Originale,480.1414446002726,1469.237208190435
34540387253_6bdfd18a96_o.jpg,Gauss_5,692.0974349480248,11.253182668181472
4296856680_6b29af49c7_o.jpg,Median_5,1259.2913759211033,245.1043411884046
9644491403_09c622e7a6_b.jpg,Cross_5,2709.3408875698556,191.76850695016233
3094107611_5fc5178cd0_o.jpg,Median_5,1106.2806821902318,191.7861897894761
a13251065f.jpg,Gauss_3,6552.6161934491765,340.89856064076326
13330128433_89dae97660_b.jpg,Gauss_5,3285.131939231289,225.4290153311968
16030203438_1115229653_o.jpg,Gauss_3,2229.5801321183944,305.7705211440805
32902465b4.jpg,Gauss_5,8364.505047941757,351.8213580158142
f2f7530040.jpg,Circ_5,808.5798945663248,43.39361441984418
f8b885cd3d.jpg,Gauss_3,3673.40770935115,369.3130467802919
6698903135_2496cd7437_b.jpg,Box_5,1906.2200054793173,39.84051744364937
fd27e38cb2.jpg,Box_3,1917.8916633066451,177.51752268518322
276830272_2183004bc4_o.jpg,V,2804.4485074841486,663.7670751628852
60fc6231cd.jpg,Median_5,1601.955371674516,337.69976308036973
767e663a8d.jpg,Box_3,1235.093791696821,360.7405670174754
8a5bc6a875.jpg,Gauss_3,2198.774453782074,650.8610123833334
30905610620_bbfaf7a558_o.jpg,V,1322.781951466173,266.64829875011833
24760947443_90baa58415_o.jpg,Cross_5,1676.4502850896267,220.315886014901
76f525973a.jpg,Box_5,8835.69048041283,206.94833977765614
f8192fb98a.jpg,Cross_5,1435.7127805274094,150.33509309983958
7574083370_70bf662656_b.jpg,Cross_5,4062.3982654898596,527.0592297824509
JellyFish (255).jpg,Gauss_5,1206.9802055277778,88.4026554954494
1853ee1be0.jpg,Originale,1639.8797919891842,1438.5164163979525
40950519110_cb4209d4ff_o.jpg,Gauss_5,1622.7078143843598,31.381635685356297
14165441751_1ea5d78891_o.jpg,Gauss_5,3114.2025387683257,144.72322287116634
3459734101_e30580d2c9_b.jpg,Circ_5,1882.7590662029324,94.28545614422882
30372400845_9612c86800_o.jpg,Gauss_3,875.7263865674021,185.72383317506498
f1eb976813.jpg,D,1315.7219935110918,266.1286758111448
25183133855_24bbae01fa_o.jpg,Circ_5,602.011688294321,35.46235245200606
b078d19f0b.jpg,Gauss_5,5376.247787232232,159.56279198520633
Dolphin (23).jpg,Gauss_5,2573.364182817955,95.41882752399056
34857742525_83ef1a8d74_o.jpg,Cross_5,5993.677513449876,511.180260771863
5136690020_77383bcd07_o.jpg,Box_3,449.1860042992438,97.32485020036552
9886144124.jpg,Gauss_3,1640.5334540134136,527.4604032417974
27026301772_5d89f9cbf1_o.jpg,H,444.2429063938037,110.63467095663825
0bb933b990.jpg,Box_5,3096.0919025217236,58.28544202341431
537286833_a9737ae684_o.jpg,D,882.112334716268,201.8098724977715
4a1315d458.jpg,Box_3,795.2828877332518,193.17771662498006
2934493178_2eaabc1564_b.jpg,H,956.5031022042643,215.6366111123031
96dc60f04e.jpg,Gauss_5,7958.170702473401,298.9555471623654
4353193963_5465c63c64_b.jpg,D,1320.299486023172,316.05722152307993
6def3a281a.jpg,Box_3,2953.22188092947,190.66905590376723
9bdbb5305f.jpg,H,12047.025305799736,2975.89188874319
Turtle_Tortoise (46).jpg,H,1629.707778451275,392.5114508437793
204957608_12acd67c6e_o.jpg,D,518.4763380481604,177.41822654751132
14262313477_da4100b96a_b.jpg,Gauss_5,5760.685611680362,204.67955131761138
81781e538c.jpg,Gauss_5,3640.2996861601255,125.55050080222719
2c1e478f4f.jpg,D,2137.2455768983937,396.85576550516674
f4869667c1.jpg,Median_5,4311.922623153411,535.1563862356134
147196337_479a7d5d82_b.jpg,Box_5,3238.9962369479954,58.63624874903032
6923636644_c85d48cd8c_o.jpg,Box_5,833.4283277746913,39.90579597158563
25415957625_5d668dd4b0_o.jpg,Gauss_3,1254.240207890247,139.82503414154053
d7e7cbbc98.jpg,V,2100.877756558642,571.6233480025311
3561340380_8f08002094_b.jpg,Median_5,2849.220250996228,340.3760086370974
10521299675_2ebd7c79fd_o.jpg,V,2160.921261870471,358.69050880274835
9318896c0e.jpg,Box_5,4868.810072882477,84.99328300447476
420cd5cadc.jpg,Gauss_3,3111.5133103917424,267.77335364815593
91f378e89c.jpg,Gauss_5,1158.3976465661642,99.67617743038129
5338314_b53d808e90_o.jpg,Box_5,361.3072148982368,10.038854976337884
7b645a97ae.jpg,H,3120.010990196007,842.3383675300793
16793977042_e2715b6aa8_o.jpg,Median_5,1336.3125037204218,187.55869744112968
16210525727_01a447bf6a_b.jpg,Cross_5,3626.7239546338433,382.75438142647005
4a00c673be.jpg,Cross_5,954.1253654064782,451.1400813107091
4415679605_517cfa7933_o.jpg,D,559.9228237799533,98.05830821450775
461190985_16c9eacc8d_o.jpg,Gauss_5,723.5080295648633,74.88180196866152
4610533867_a68a3f7cc3_o.jpg,Gauss_5,2687.677135226248,92.6690158550067
Dolphin (262).jpg,Box_5,1363.7401975967487,33.96800819628937
4122802327_9ef7f1709a_b.jpg,V,474.3245115119233,86.95748587381537
33629151704_a0c90aa4a7_b.jpg,Cross_5,986.5385693888342,180.92341394793834
44844268045_36cc2bef1e_b.jpg,H,412.36433972444735,104.53430237903142
dff31bb1fa.jpg,Circ_5,891.4303289838417,34.66372991710441
aaf925663f.jpg,V,484.1223102222222,155.8304917578993
01cf2502d5.jpg,Box_5,1314.9040418118466,57.09214168168862
66d423deb6.jpg,H,1248.2184225376427,134.8009301419558
c6484e1b02.jpg,Box_3,9479.965873117982,665.8121593047161
5633038384_f0d67fff60_b.jpg,Box_3,2596.71184936372,252.5270554913128
2e6896d8e6.jpg,D,866.32453144599,155.0621608811982
50797d435f.jpg,D,368.2459757611587,86.11010304275824
27458f671e.jpg,D,2683.245981692445,985.0031286042614
855a6d9304.jpg,Box_5,10222.189581505269,172.5576339254574
15521840388_66c976b637_o.jpg,Cross_5,407.6616321510417,59.11476406461246
27574561426_24346c1f81_o.jpg,Cross_5,1572.9824161349827,193.30016204209585
3614816410_a554c27d51_o.jpg,Circ_5,2341.8168631788194,98.9000599967197
4610592985_7bbe2b2290_o.jpg,Box_5,1661.9899944419547,41.66064735295027
1a1db517f0.jpg,D,6283.0953059827825,2423.4549162359053
0391d1cd81.jpg,Originale,2430.2602049415977,3310.5935235251886
13181441754_566ec98080_b.jpg,Circ_5,1330.8589256172838,111.64086331252703
Turtle_Tortoise (1729).jpg,Gauss_5,2927.6565576948337,66.36645227549027
31737835280_a9a3ea24a1_o.jpg,Box_5,1209.2083001476542,40.67815223409453
07be652b52.jpg,Originale,1571.169943746836,1975.066610978574
7262427976.jpg,Originale,1779.1264164042377,1259.0890952622278
370961306_04305428f6_o.jpg,D,1265.6153850567189,351.7000275849799
Turtle_Tortoise (432).jpg,H,6560.993801164126,999.8832944499012
16746237730_fa43e4dcbf_b.jpg,Box_3,692.5411825050667,112.51461796083333
3301829728_8118e0d38c_b.jpg,Circ_5,523.7482090539364,38.90975960688211
2248978893_1c5912f699_o.jpg,Originale,4602.952383235468,5441.772896035023
145499188_48cbca26a3_o.jpg,Cross_5,1548.2012143568058,143.00499857688436
13142216553_243588b524_o.jpg,Box_3,1752.4281999920988,122.59426691094224
32855837800_7bfffac328_o.jpg,Gauss_3,842.8012914565973,157.9301067604119
dc76e7bc74.jpg,Gauss_5,6021.659574821613,151.7699634007045
a78251f564.jpg,Gauss_3,4482.5844874654995,314.81687384473935
480003539_cd1db79461_o.jpg,Median_5,961.4513604603334,125.36190119667481
3976965487_d07e4824cf_b.jpg,Box_3,3889.165816538446,173.88927781884743
38427303fa.jpg,Gauss_3,433.89868461012003,137.7418692770326
10237906393_be5dc64446_o.jpg,V,1701.6131580332346,270.51401408241964
605f002373.jpg,Gauss_3,4919.667082513444,712.3345650442934
2cb87a5afc.jpg,Gauss_3,1405.6920773333334,543.1286240922864
85e785fb3b.jpg,H,2230.72358811596,616.1737719706225
8339674070_81672fccb3_o.jpg,Box_3,1387.6906105895062,154.0871126932782
b63e7b4535.jpg,Box_3,2474.3355109868553,274.55599165935905
250332905_9bd09bf470_o.jpg,Median_5,3770.7631405157817,406.81459156586106
1429f4f776.jpg,Gauss_5,975.5670563373621,78.83402688122948
4572681165_a9242987a5_o.jpg,Originale,2162.9817953977413,2896.626132416556
ca5386b28f.jpg,Circ_5,5263.936225191413,465.33045312991896
5951480476_f28719d229_o.jpg,Cross_5,912.7801760601242,99.46753140957541
2692921957_c2d6187094_o.jpg,Median_5,2378.2710365121525,203.43662114046057
105203c1fa.jpg,D,911.5448205734555,506.37573933631165
6997655912_0ed09446b2_o.jpg,Gauss_3,2308.3368783624687,242.33438239838372
JellyFish (3).jpg,D,562.3309935822223,119.19556383468964
1a01d5b63d.jpg,Gauss_3,3241.093715997296,384.00584953996054
8023924061_d71acabf1c_o.jpg,Gauss_3,357.3648697278307,123.63766443744296
25404737437_d65f747d30_b.jpg,V,728.593784331358,160.08606335641144
a59230ef5b.jpg,Gauss_3,6988.188380950463,558.6662776264634
8838301273_b709806ebb_o.jpg,Originale,599.4180249504938,704.2102282983668
25452988440_6c60993f29_b.jpg,Gauss_3,1155.3733200183256,153.48618789793602
6237692435_635556fff4_b.jpg,Cross_5,929.3829399168241,87.0349487152163
1ff5b897bb.jpg,Box_5,6343.410058097639,86.81866236102427
c76916cc7c.jpg,Gauss_3,2692.727083528191,634.3925341975932
31051542420_ab0c6f5987_o.jpg,Box_3,412.2338932741724,61.8500220863981
7069716927_7a71ef96e3_o.jpg,H,2279.2985992098766,560.53434174461
f974a284f4.jpg,Gauss_5,15578.88665253132,525.3977466628533
9f52d4c146.jpg,Circ_5,2790.72640220866,159.38751234327043
